Fecha Evento,¿Fecha Confirmada?,Hora Evento,Tipo de Evento,Línea de Acción,Temática,Tipo de Entidad Solicitante,Departamento,Municipio,Tipo de Publico,Numero de asistentes al evento,Responsable Gobierno Digital,Observaciones,Datos adjuntos
01/04/2016 12:00:00 AM,si,12/31/1899 12:00:00 PM,Presencial,Datos Abiertos,Capacitación en el uso y aprovechamiento de la nueva plataforma de datos.,Entidad Orden Nacional,"BOGOTÁ, D.C.","BOGOTÁ, D.C.","Gobernadores, Líderes de TI / Secretarios TIC / CIOs, Servidores Públicos",129,Luisa Fernanda Medina Martinez,Acceso a la Información Pública: lineamientos e instrumentos y datos abiertos,
04/06/2016 12:00:00 AM,si,12/31/1899 12:00:00 PM,Presencial,Datos Abiertos,"Primer visita territorial 2016 -  Pub, accesibilidad, seguridad, formulario  y taller de publicación de datos","Gobernación
Alcaldia","BOGOTÁ, D.C.","BOGOTÁ, D.C.","Líderes de TI / Secretarios TIC / CIOs, Servidores Públicos",15,Luisa Fernanda Medina Martinez,Datos Abiertos - generalidades,
04/19/2016 12:00:00 AM,si,12/31/1899 12:00:00 PM,Presencial,Datos Abiertos,Uso y aprovechamiento de la plataforma de datos abiertos,Entidad Orden Nacional,"BOGOTÁ, D.C.","BOGOTÁ, D.C.","Líderes de TI / Secretarios TIC / CIOs, Servidores Públicos",1,Luisa Fernanda Medina Martinez,Taller de datos abiertos,
04/19/2016 12:00:00 AM,si,12/31/1899 12:00:00 PM,Presencial,Datos Abiertos,Registro en la Plataforma de datos.gov.co,Entidad Orden Nacional,"BOGOTÁ, D.C.","BOGOTÁ, D.C.","Líderes de TI / Secretarios TIC / CIOs, Servidores Públicos",50,Luisa Fernanda Medina Martinez,Taller de datos abiertos,
04/21/2016 12:00:00 AM,si,12/31/1899 12:00:00 PM,Presencial,Datos Abiertos,Uso y aprovechamiento de la plataforma de datos abiertos,Entidad Orden Nacional,"BOGOTÁ, D.C.","BOGOTÁ, D.C.","Líderes de TI / Secretarios TIC / CIOs, Servidores Públicos",27,Luisa Fernanda Medina Martinez,Taller de datos abiertos,
04/21/2016 12:00:00 AM,si,12/31/1899 12:00:00 PM,Presencial,Datos Abiertos,Registro en la Plataforma de datos.gov.co,Entidad Orden Nacional,"BOGOTÁ, D.C.","BOGOTÁ, D.C.","Líderes de TI / Secretarios TIC / CIOs, Servidores Públicos",28,Luisa Fernanda Medina Martinez,Taller de datos abiertos,
04/21/2016 12:00:00 AM,si,12/31/1899 12:00:00 PM,Presencial,Datos Abiertos,Capacitacion Que Publicar,Entidad Orden Nacional,"BOGOTÁ, D.C.","BOGOTÁ, D.C.","Líderes de TI / Secretarios TIC / CIOs, Servidores Públicos",25,Luisa Fernanda Medina Martinez,Taller de datos abiertos,
04/22/2016 12:00:00 AM,si,12/31/1899 12:00:00 PM,Presencial,Datos Abiertos,Capacitacion Como Publicar Datos,Entidad Orden Nacional,"BOGOTÁ, D.C.","BOGOTÁ, D.C.","Líderes de TI / Secretarios TIC / CIOs, Servidores Públicos",15,Luisa Fernanda Medina Martinez,Taller de datos abiertos,
04/23/2016 12:00:00 AM,si,12/31/1899 12:00:00 PM,Presencial,Datos Abiertos,Tour de Estudios de Datos Abiertos de Gobierno - Experiencia de Colombia,Entidad Orden Nacional,"BOGOTÁ, D.C.","BOGOTÁ, D.C.","Líderes de TI / Secretarios TIC / CIOs, Servidores Públicos",50,Luisa Fernanda Medina Martinez,Datos Abiertos - generalidades,
04/26/2016 12:00:00 AM,si,12/31/1899 12:00:00 PM,Presencial,Datos Abiertos,"Sensibilización general datos abiertos , usos plataforma. Iniciativa Emprende con Datos.",Entidad Orden Nacional,"BOGOTÁ, D.C.","BOGOTÁ, D.C.","Líderes de TI / Secretarios TIC / CIOs, Servidores Públicos",23,Luisa Fernanda Medina Martinez,Taller de datos abiertos,
04/26/2016 12:00:00 AM,si,12/31/1899 12:00:00 PM,Presencial,Datos Abiertos,Capacitación en el uso y aprovechamiento de la nueva plataforma de datos.,Entidad Orden Nacional,"BOGOTÁ, D.C.","BOGOTÁ, D.C.","Líderes de TI / Secretarios TIC / CIOs, Servidores Públicos",2,Luisa Fernanda Medina Martinez,Taller de datos abiertos,
04/26/2016 12:00:00 AM,si,12/31/1899 12:00:00 PM,Presencial,Datos Abiertos,Capacitación en el uso y aprovechamiento de la nueva plataforma de datos.,Entidad Orden Nacional,"BOGOTÁ, D.C.","BOGOTÁ, D.C.","Líderes de TI / Secretarios TIC / CIOs, Servidores Públicos",22,Luisa Fernanda Medina Martinez,Taller de datos abiertos,
04/26/2016 12:00:00 AM,si,12/31/1899 12:00:00 PM,Presencial,Datos Abiertos,Capacitación en el uso y aprovechamiento de la nueva plataforma de datos.,Entidad Orden Nacional,"BOGOTÁ, D.C.","BOGOTÁ, D.C.","Líderes de TI / Secretarios TIC / CIOs, Servidores Públicos",15,Luisa Fernanda Medina Martinez,Taller de datos abiertos,
04/26/2016 12:00:00 AM,si,12/31/1899 12:00:00 PM,Presencial,Datos Abiertos,"Primer visita territorial 2016 -  Pub, accesibilidad, seguridad, formulario  y taller de publicación de datos","Gobernación
Alcaldia","BOGOTÁ, D.C.","BOGOTÁ, D.C.","Líderes de TI / Secretarios TIC / CIOs, Servidores Públicos",38,Luisa Fernanda Medina Martinez,Taller de datos abiertos,
04/26/2016 12:00:00 AM,si,12/31/1899 12:00:00 PM,Presencial,Datos Abiertos,Introducción a los datos abiertos para la academia,Entidad Orden Nacional,"BOGOTÁ, D.C.","BOGOTÁ, D.C.","Líderes de TI / Secretarios TIC / CIOs, Servidores Públicos",90,Luisa Fernanda Medina Martinez,Taller de datos abiertos,
04/26/2016 12:00:00 AM,si,12/31/1899 12:00:00 PM,Presencial,Datos Abiertos,"Sensibilización sobre datos abiertos de gobierno, usos, oportuniadades de la entidad",Entidad Orden Nacional,"BOGOTÁ, D.C.","BOGOTÁ, D.C.","Líderes de TI / Secretarios TIC / CIOs, Servidores Públicos",2,Luisa Fernanda Medina Martinez,Taller de datos abiertos,
04/26/2016 12:00:00 AM,si,12/31/1899 12:00:00 PM,Presencial,Datos Abiertos,El valor de los datos abiertos uso y aprovechamiento,Entidad Orden Nacional,"BOGOTÁ, D.C.","BOGOTÁ, D.C.","Líderes de TI / Secretarios TIC / CIOs, Servidores Públicos",25,Luisa Fernanda Medina Martinez,Taller de datos abiertos,
04/27/2016 12:00:00 AM,si,12/31/1899 12:00:00 PM,Presencial,Datos Abiertos,"Sensibilización general datos abiertos , usos plataforma. Iniciativa Emprende con Datos.",Entidad Orden Nacional,"BOGOTÁ, D.C.","BOGOTÁ, D.C.","Líderes de TI / Secretarios TIC / CIOs, Servidores Públicos",12,Luisa Fernanda Medina Martinez,Taller de datos abiertos,
04/28/2016 12:00:00 AM,si,12/31/1899 12:00:00 PM,Presencial,Datos Abiertos,"Primer visita territorial 2016 -  accesibilidad, seguridad, formulario  y taller de publicación de datos","Gobernación
Alcaldia","BOGOTÁ, D.C.","BOGOTÁ, D.C.","Líderes de TI / Secretarios TIC / CIOs, Servidores Públicos",53,Luisa Fernanda Medina Martinez,Taller de datos abiertos,
04/29/2016 12:00:00 AM,si,12/31/1899 12:00:00 PM,Presencial,Datos Abiertos,Capacitación en el uso y aprovechamiento de la nueva plataforma de datos.,Entidad Orden Nacional,"BOGOTÁ, D.C.","BOGOTÁ, D.C.","Líderes de TI / Secretarios TIC / CIOs, Servidores Públicos",5,Luisa Fernanda Medina Martinez,Sensibilización general datos abiertos,
04/29/2016 12:00:00 AM,si,12/31/1899 12:00:00 PM,Presencial,Datos Abiertos,Capacitación en el uso y aprovechamiento de la nueva plataforma de datos.,Entidad Orden Nacional,"BOGOTÁ, D.C.","BOGOTÁ, D.C.","Líderes de TI / Secretarios TIC / CIOs, Servidores Públicos",4,Luisa Fernanda Medina Martinez,Tour de Estudios de Datos Abiertos de Gobierno,
04/29/2016 12:00:00 AM,si,12/31/1899 12:00:00 PM,Presencial,Datos Abiertos,Capacitación en el uso y aprovechamiento de la nueva plataforma de datos.,Entidad Orden Nacional,"BOGOTÁ, D.C.","BOGOTÁ, D.C.","Líderes de TI / Secretarios TIC / CIOs, Servidores Públicos",15,Luisa Fernanda Medina Martinez,Taller de datos abiertos,
05/04/2016 12:00:00 AM,si,12/31/1899 12:00:00 PM,Presencial,Datos Abiertos,Capacitación en el uso y aprovechamiento de la nueva plataforma de datos.,Entidad Orden Nacional,"BOGOTÁ, D.C.","BOGOTÁ, D.C.","Líderes de TI / Secretarios TIC / CIOs, Servidores Públicos",44,Luisa Fernanda Medina Martinez,Taller de datos abiertos,
05/05/2016 12:00:00 AM,si,12/31/1899 12:00:00 PM,Presencial,Datos Abiertos,"""Cultura de Innovación y Lucha contra la corrupción""",Entidad Orden Nacional,"BOGOTÁ, D.C.","BOGOTÁ, D.C.","Líderes de TI / Secretarios TIC / CIOs, Servidores Públicos",53,Luisa Fernanda Medina Martinez,Taller de datos abiertos,
05/12/2016 12:00:00 AM,si,12/31/1899 12:00:00 PM,Presencial,Datos Abiertos,Capacitación en el uso y aprovechamiento de la nueva plataforma de datos.,Entidad Orden Nacional,"BOGOTÁ, D.C.","BOGOTÁ, D.C.","Líderes de TI / Secretarios TIC / CIOs, Servidores Públicos",15,Luisa Fernanda Medina Martinez,Uso y aprovechamiento de la plataforma de datos abiertos,
05/13/2016 12:00:00 AM,si,12/31/1899 12:00:00 PM,Presencial,Datos Abiertos,Capacitación en el uso y aprovechamiento de la nueva plataforma de datos.,Entidad Orden Nacional,"BOGOTÁ, D.C.","BOGOTÁ, D.C.","Líderes de TI / Secretarios TIC / CIOs, Servidores Públicos",21,Luisa Fernanda Medina Martinez,Uso y aprovechamiento de la plataforma de datos abiertos,
05/20/2016 12:00:00 AM,si,12/31/1899 12:00:00 PM,Presencial,Datos Abiertos,Capacitación en el uso y aprovechamiento de la nueva plataforma de datos.,Entidad Orden Nacional,"BOGOTÁ, D.C.","BOGOTÁ, D.C.","Líderes de TI / Secretarios TIC / CIOs, Servidores Públicos",4,Luisa Fernanda Medina Martinez,Uso y aprovechamiento de la plataforma de datos abiertos,
05/25/2016 12:00:00 AM,si,12/31/1899 12:00:00 PM,Presencial,Datos Abiertos,Registro en la Plataforma de datos.gov.co,Entidad Orden Nacional,"BOGOTÁ, D.C.","BOGOTÁ, D.C.","Líderes de TI / Secretarios TIC / CIOs, Servidores Públicos",13,Luisa Fernanda Medina Martinez,Uso y aprovechamiento de la plataforma de datos abiertos,
05/26/2016 12:00:00 AM,si,12/31/1899 12:00:00 PM,Presencial,Datos Abiertos,ETL para desarrolladores,Entidad Orden Nacional,"BOGOTÁ, D.C.","BOGOTÁ, D.C.","Líderes de TI / Secretarios TIC / CIOs, Servidores Públicos",30,Luisa Fernanda Medina Martinez,Uso y aprovechamiento de la plataforma de datos abiertos,
05/31/2016 12:00:00 AM,si,12/31/1899 12:00:00 PM,Presencial,Datos Abiertos,"Primer visita territorial 2016 -  Pub, accesibilidad, seguridad, formulario  y taller de publicación de datos","Gobernación
Alcaldia","BOGOTÁ, D.C.","BOGOTÁ, D.C.","Líderes de TI / Secretarios TIC / CIOs, Servidores Públicos",2,Luisa Fernanda Medina Martinez,Uso y aprovechamiento de la plataforma de datos abiertos,
06/03/2016 12:00:00 AM,si,12/31/1899 12:00:00 PM,Presencial,Datos Abiertos,Boot Camp - Woman in data - Ibagué,Alcaldia,"BOGOTÁ, D.C.","BOGOTÁ, D.C.","Líderes de TI / Secretarios TIC / CIOs, Servidores Públicos",4,Luisa Fernanda Medina Martinez,Uso y aprovechamiento de la plataforma de datos abiertos,
06/03/2016 12:00:00 AM,si,12/31/1899 12:00:00 PM,Presencial,Datos Abiertos,"Primer visita territorial 2016 -  Pub, accesibilidad, seguridad, formulario  y taller de publicación de datos","Gobernación
Alcaldia","BOGOTÁ, D.C.","BOGOTÁ, D.C.","Líderes de TI / Secretarios TIC / CIOs, Servidores Públicos",2,Luisa Fernanda Medina Martinez,Uso y aprovechamiento de la plataforma de datos abiertos,
06/08/2016 12:00:00 AM,si,12/31/1899 12:00:00 PM,Presencial,Datos Abiertos,Capacitación en el uso y aprovechamiento de la nueva plataforma de datos.,Entidad Orden Nacional,"BOGOTÁ, D.C.","BOGOTÁ, D.C.","Líderes de TI / Secretarios TIC / CIOs, Servidores Públicos",59,Luisa Fernanda Medina Martinez,Uso y aprovechamiento de la plataforma de datos abiertos,
06/17/2016 12:00:00 AM,si,12/31/1899 12:00:00 PM,Presencial,Datos Abiertos,Capacitación en el uso y aprovechamiento de la nueva plataforma de datos.,Entidad Orden Nacional,"BOGOTÁ, D.C.","BOGOTÁ, D.C.","Líderes de TI / Secretarios TIC / CIOs, Servidores Públicos",24,Luisa Fernanda Medina Martinez,Uso y aprovechamiento de la plataforma de datos abiertos,
06/22/2016 12:00:00 AM,si,12/31/1899 12:00:00 PM,Presencial,Datos Abiertos,Capacitación Plataforma de datos abiertos - Segunda capacitación sectorial,Entidad Orden Nacional,"BOGOTÁ, D.C.","BOGOTÁ, D.C.","Líderes de TI / Secretarios TIC / CIOs, Servidores Públicos",25,Luisa Fernanda Medina Martinez,Capacitación Plataforma de datos abiertos - Segunda capacitación sectorial,
06/30/2016 12:00:00 AM,si,12/31/1899 12:00:00 PM,Presencial,Datos Abiertos,Capacitación en el uso y aprovechamiento de la nueva plataforma de datos.,Entidad Orden Nacional,"BOGOTÁ, D.C.","BOGOTÁ, D.C.","Líderes de TI / Secretarios TIC / CIOs, Servidores Públicos",30,Luisa Fernanda Medina Martinez,Uso y aprovechamiento de la plataforma de datos abiertos,
07/11/2016 12:00:00 AM,si,12/31/1899 12:00:00 PM,Presencial,Datos Abiertos,Capacitación en el uso y aprovechamiento de la nueva plataforma de datos.,Entidad Orden Nacional,"BOGOTÁ, D.C.","BOGOTÁ, D.C.","Líderes de TI / Secretarios TIC / CIOs, Servidores Públicos",12,Luisa Fernanda Medina Martinez,Uso y aprovechamiento de la plataforma de datos abiertos,
07/13/2016 12:00:00 AM,si,12/31/1899 12:00:00 PM,Presencial,Datos Abiertos,Apertura y aprovechamiento de datos abiertos,Entidad Orden Nacional,"BOGOTÁ, D.C.","BOGOTÁ, D.C.","Líderes de TI / Secretarios TIC / CIOs, Servidores Públicos",20,Luisa Fernanda Medina Martinez,Uso y aprovechamiento de la plataforma de datos abiertos,
07/14/2016 12:00:00 AM,si,12/31/1899 12:00:00 PM,Presencial,Datos Abiertos,Capacitación en el uso y aprovechamiento de la nueva plataforma de datos.,Entidad Orden Nacional,"BOGOTÁ, D.C.","BOGOTÁ, D.C.","Líderes de TI / Secretarios TIC / CIOs, Servidores Públicos",4,Luisa Fernanda Medina Martinez,Uso y aprovechamiento de la plataforma de datos abiertos,
07/26/2016 12:00:00 AM,si,12/31/1899 12:00:00 PM,Presencial,Datos Abiertos,Generalidades sobre datos abiertos,Entidad Orden Nacional,"BOGOTÁ, D.C.","BOGOTÁ, D.C.","Líderes de TI / Secretarios TIC / CIOs, Servidores Públicos",120,Luisa Fernanda Medina Martinez,Capacitación en manejo de la plataforma,
09/29/2016 12:00:00 AM,si,12/31/1899 12:00:00 PM,Presencial,Datos Abiertos,Talleres itinerantes en el marco de la IV Conferencia Regional de Datos - CONDATOS,Entidad Orden Nacional,"BOGOTÁ, D.C.","BOGOTÁ, D.C.","Líderes de TI / Secretarios TIC / CIOs, Servidores Públicos",47,Luisa Fernanda Medina Martinez,Capacitación en manejo de la plataforma,
07/29/2016 12:00:00 AM,si,12/31/1899 12:00:00 PM,Presencial,Datos Abiertos,"Sensibilización sobre datos abiertos, usos y oportunidades de publicación de las alcaldías locales de Bogotá",Alcaldia,"BOGOTÁ, D.C.","BOGOTÁ, D.C.","Líderes de TI / Secretarios TIC / CIOs, Servidores Públicos",27,Luisa Fernanda Medina Martinez,Uso y aprovechamiento de la plataforma de datos abiertos,
08/03/2016 12:00:00 AM,si,12/31/1899 12:00:00 PM,Presencial,Datos Abiertos,Capacitación en el uso y aprovechamiento de la nueva plataforma de datos.,Entidad Orden Nacional,"BOGOTÁ, D.C.","BOGOTÁ, D.C.","Líderes de TI / Secretarios TIC / CIOs, Servidores Públicos",72,Luisa Fernanda Medina Martinez,Capacitación en manejo de la plataforma,
08/05/2016 12:00:00 AM,si,12/31/1899 12:00:00 PM,Presencial,Datos Abiertos,Uso y aprovechamiento de la plataforma de datos abiertos,Entidad Orden Nacional,"BOGOTÁ, D.C.","BOGOTÁ, D.C.","Líderes de TI / Secretarios TIC / CIOs, Servidores Públicos",60,Luisa Fernanda Medina Martinez,Capacitación en manejo de la plataforma,
08/08/2016 12:00:00 AM,si,12/31/1899 12:00:00 PM,Presencial,Datos Abiertos,"Sensibilización sobre datos abiertos, usos y oportunidades de secretaría de salud de la gobernación de Cundinamarca",Gobernación,"BOGOTÁ, D.C.","BOGOTÁ, D.C.","Líderes de TI / Secretarios TIC / CIOs, Servidores Públicos",15,Luisa Fernanda Medina Martinez,Uso y aprovechamiento de la plataforma de datos abiertos,
08/11/2016 12:00:00 AM,si,12/31/1899 12:00:00 PM,Presencial,Datos Abiertos,Uso y aprovechamiento de la plataforma de datos abiertos,Entidad Orden Nacional,"BOGOTÁ, D.C.","BOGOTÁ, D.C.","Líderes de TI / Secretarios TIC / CIOs, Servidores Públicos",50,Luisa Fernanda Medina Martinez,Capacitación en manejo de la plataforma,
08/18/2016 12:00:00 AM,si,12/31/1899 12:00:00 PM,Presencial,Datos Abiertos,"Primer visita territorial 2016 -  Pub, accesibilidad, seguridad, formulario  y taller de publicación de datos","Gobernación
Alcaldia","BOGOTÁ, D.C.","BOGOTÁ, D.C.","Líderes de TI / Secretarios TIC / CIOs, Servidores Públicos",30,Luisa Fernanda Medina Martinez,Capacitación en manejo de la plataforma,
08/19/2016 12:00:00 AM,si,12/31/1899 12:00:00 PM,Presencial,Datos Abiertos,"Primer visita territorial 2016 -  Pub, accesibilidad, seguridad, formulario  y taller de publicación de datos","Gobernación
Alcaldia","BOGOTÁ, D.C.","BOGOTÁ, D.C.","Líderes de TI / Secretarios TIC / CIOs, Servidores Públicos",9,Luisa Fernanda Medina Martinez,Capacitación en manejo de la plataforma,
08/25/2016 12:00:00 AM,si,12/31/1899 12:00:00 PM,Presencial,Datos Abiertos,Acceso a la información y Datos Abiertos,Entidad Orden Nacional,"BOGOTÁ, D.C.","BOGOTÁ, D.C.","Líderes de TI / Secretarios TIC / CIOs, Servidores Públicos",11,Luisa Fernanda Medina Martinez,Taller de datos abiertos,
08/25/2016 12:00:00 AM,si,12/31/1899 12:00:00 PM,Presencial,Datos Abiertos,"Sensibilización sobre datos abiertos, usos y oportunidades de publicación de las alcaldías locales de Bogotá",Alcaldia,"BOGOTÁ, D.C.","BOGOTÁ, D.C.","Líderes de TI / Secretarios TIC / CIOs, Servidores Públicos",16,Luisa Fernanda Medina Martinez,Taller de datos abiertos,
08/25/2016 12:00:00 AM,si,12/31/1899 12:00:00 PM,Presencial,Datos Abiertos,"Primer visita territorial 2016 -  Pub, accesibilidad, seguridad, formulario  y taller de publicación de datos","Gobernación
Alcaldia","BOGOTÁ, D.C.","BOGOTÁ, D.C.","Líderes de TI / Secretarios TIC / CIOs, Servidores Públicos",53,Luisa Fernanda Medina Martinez,Capacitación en manejo de la plataforma,
08/26/2016 12:00:00 AM,si,12/31/1899 12:00:00 PM,Presencial,Datos Abiertos,"Primer visita territorial 2016 -  Pub, accesibilidad, seguridad, formulario  y taller de publicación de datos","Gobernación
Alcaldia","BOGOTÁ, D.C.","BOGOTÁ, D.C.","Líderes de TI / Secretarios TIC / CIOs, Servidores Públicos",4,Luisa Fernanda Medina Martinez,Capacitación en manejo de la plataforma,
09/08/2016 12:00:00 AM,si,12/31/1899 12:00:00 PM,Presencial,Datos Abiertos,"Sensibilización sobre datos abiertos de gobierno, usos, oportuniadades y retos para la academia",Entidad Orden Nacional,"BOGOTÁ, D.C.","BOGOTÁ, D.C.","Líderes de TI / Secretarios TIC / CIOs, Servidores Públicos",37,Luisa Fernanda Medina Martinez,Capacitación en manejo de la plataforma,
09/14/2016 12:00:00 AM,si,12/31/1899 12:00:00 PM,Presencial,Datos Abiertos,Capacitación en el uso y aprovechamiento de la nueva plataforma de datos.,Entidad Orden Nacional,"BOGOTÁ, D.C.","BOGOTÁ, D.C.","Líderes de TI / Secretarios TIC / CIOs, Servidores Públicos",7,Luisa Fernanda Medina Martinez,Sensibilización general datos abiertos,
09/14/2016 12:00:00 AM,si,12/31/1899 12:00:00 PM,Presencial,Datos Abiertos,"Sensibilización sobre datos abiertos, usos y oportunidades de secretaría de salud de la gobernación de Cundinamarca",Gobernación,"BOGOTÁ, D.C.","BOGOTÁ, D.C.","Líderes de TI / Secretarios TIC / CIOs, Servidores Públicos",21,Luisa Fernanda Medina Martinez,Sensibilización general datos abiertos,
09/15/2016 12:00:00 AM,si,12/31/1899 12:00:00 PM,Presencial,Datos Abiertos,"Sensibilización sobre datos abiertos de gobierno, usos, oportuniadades de la entidad",Entidad Orden Nacional,"BOGOTÁ, D.C.","BOGOTÁ, D.C.","Líderes de TI / Secretarios TIC / CIOs, Servidores Públicos",24,Luisa Fernanda Medina Martinez,Capacitación en manejo de la plataforma,
09/16/2016 12:00:00 AM,si,12/31/1899 12:00:00 PM,Presencial,Datos Abiertos,"Primer visita territorial 2016 -  Pub, accesibilidad, seguridad, formulario  y taller de publicación de datos","Gobernación
Alcaldia","BOGOTÁ, D.C.","BOGOTÁ, D.C.","Líderes de TI / Secretarios TIC / CIOs, Servidores Públicos",40,Luisa Fernanda Medina Martinez,Sensibilización general datos abiertos,
09/16/2016 12:00:00 AM,si,12/31/1899 12:00:00 PM,Presencial,Datos Abiertos,"Primer visita territorial 2016 -  Pub, accesibilidad, seguridad, formulario  y taller de publicación de datos","Gobernación
Alcaldia","BOGOTÁ, D.C.","BOGOTÁ, D.C.","Líderes de TI / Secretarios TIC / CIOs, Servidores Públicos",20,Luisa Fernanda Medina Martinez,Sensibilización general datos abiertos,
09/19/2016 12:00:00 AM,si,12/31/1899 12:00:00 PM,Presencial,Datos Abiertos,Charla sobre datos abiertos y periodismo,Entidad Orden Nacional,"BOGOTÁ, D.C.","BOGOTÁ, D.C.","Líderes de TI / Secretarios TIC / CIOs, Servidores Públicos",20,Luisa Fernanda Medina Martinez,Uso y aprovechamiento de la plataforma de datos abiertos,
09/22/2016 12:00:00 AM,si,12/31/1899 12:00:00 PM,Presencial,Datos Abiertos,Uso y aprovechamiento de la plataforma de datos abiertos,Entidad Orden Nacional,"BOGOTÁ, D.C.","BOGOTÁ, D.C.","Líderes de TI / Secretarios TIC / CIOs, Servidores Públicos",51,Luisa Fernanda Medina Martinez,Capacitación en manejo de la plataforma,
10/13/2016 12:00:00 AM,si,12/31/1899 12:00:00 PM,Presencial,Datos Abiertos,"Primer visita territorial 2016 -  Pub, accesibilidad, seguridad, formulario  y taller de publicación de datos","Gobernación
Alcaldia","BOGOTÁ, D.C.","BOGOTÁ, D.C.","Líderes de TI / Secretarios TIC / CIOs, Servidores Públicos",39,Luisa Fernanda Medina Martinez,"Sensibilización general datos abiertos , usos plataforma",
10/18/2016 12:00:00 AM,si,12/31/1899 12:00:00 PM,Presencial,Datos Abiertos,"Sensibilización general datos abiertos , usos plataforma. Iniciativa Emprende con Datos.",Entidad Orden Nacional,"BOGOTÁ, D.C.","BOGOTÁ, D.C.","Líderes de TI / Secretarios TIC / CIOs, Servidores Públicos",102,Luisa Fernanda Medina Martinez,"Sensibilización general datos abiertos , usos plataforma",
10/19/2016 12:00:00 AM,si,12/31/1899 12:00:00 PM,Presencial,Datos Abiertos,Capacitación de Uso de Datos,Entidad Orden Nacional,"BOGOTÁ, D.C.","BOGOTÁ, D.C.","Líderes de TI / Secretarios TIC / CIOs, Servidores Públicos",100,Luisa Fernanda Medina Martinez,"Sensibilización general datos abiertos , usos plataforma",
10/20/2016 12:00:00 AM,si,12/31/1899 12:00:00 PM,Presencial,Datos Abiertos,"Sensibilización general datos abiertos , usos plataforma. Iniciativa Emprende con Datos.",Entidad Orden Nacional,"BOGOTÁ, D.C.","BOGOTÁ, D.C.","Líderes de TI / Secretarios TIC / CIOs, Servidores Públicos",115,Luisa Fernanda Medina Martinez,"Sensibilización general datos abiertos , usos plataforma",
10/25/2016 12:00:00 AM,si,12/31/1899 12:00:00 PM,Presencial,Datos Abiertos,"Sensibilización general datos abiertos , usos plataforma. Iniciativa Emprende con Datos.",Entidad Orden Nacional,"BOGOTÁ, D.C.","BOGOTÁ, D.C.","Líderes de TI / Secretarios TIC / CIOs, Servidores Públicos",48,Luisa Fernanda Medina Martinez,"Sensibilización general datos abiertos , usos plataforma",
10/26/2016 12:00:00 AM,si,12/31/1899 12:00:00 PM,Presencial,Datos Abiertos,Estrategia de datos abiertos de Colombia - Cooperación internacional,Entidad Orden Nacional,"BOGOTÁ, D.C.","BOGOTÁ, D.C.","Líderes de TI / Secretarios TIC / CIOs, Servidores Públicos",127,Luisa Fernanda Medina Martinez,"Sensibilización general datos abiertos , usos plataforma",
10/27/2016 12:00:00 AM,si,12/31/1899 12:00:00 PM,Presencial,Datos Abiertos,Capacitación en el uso y aprovechamiento de la nueva plataforma de datos.,Entidad Orden Nacional,"BOGOTÁ, D.C.","BOGOTÁ, D.C.","Líderes de TI / Secretarios TIC / CIOs, Servidores Públicos",66,Luisa Fernanda Medina Martinez,"Sensibilización general datos abiertos , usos plataforma",
11/01/2016 12:00:00 AM,si,12/31/1899 12:00:00 PM,Presencial,Datos Abiertos,Uso y aprovechamiento de la plataforma de datos abiertos,Entidad Orden Nacional,"BOGOTÁ, D.C.","BOGOTÁ, D.C.","Líderes de TI / Secretarios TIC / CIOs, Servidores Públicos",250,Luisa Fernanda Medina Martinez,"Sensibilización general datos abiertos , usos plataforma",
03/17/2017 12:00:00 AM,si,12/31/1899 12:00:00 PM,Presencial,Datos Abiertos,Curso virtual sobre apertura y uso de  datos abiertos,Entidad Orden Nacional,"BOGOTÁ, D.C.","BOGOTÁ, D.C.","Líderes de TI / Secretarios TIC / CIOs, Servidores Públicos",8,Luisa Fernanda Medina Martinez,Identificar los datos para apertura y uso de esta entidad y del sector penitenciario colombiano,
04/25/2017 12:00:00 AM,si,12/31/1899 12:00:00 PM,Presencial,Datos Abiertos,Capacitación en el uso y aprovechamiento de la nueva plataforma de datos.,Entidad Orden Nacional,"BOGOTÁ, D.C.","BOGOTÁ, D.C.","Líderes de TI / Secretarios TIC / CIOs, Servidores Públicos",30,Luisa Fernanda Medina Martinez,"capacitación en Manejo de datos abiertos y datos sensibles, en el Ministerio de Educación Nacional.",
05/10/2017 12:00:00 AM,si,12/31/1899 12:00:00 PM,Presencial,Datos Abiertos,Oportunidades de apertura y uso de datos abiertos sector justicia,Entidad Orden Nacional,"BOGOTÁ, D.C.","BOGOTÁ, D.C.","Líderes de TI / Secretarios TIC / CIOs, Servidores Públicos",10,Luisa Fernanda Medina Martinez,"Conocer los estándares, lineamientos, guías, marco regulatorio e instrumentos de la Estrategia Gobierno en línea, y el concepto de acceso a la información, monitoreo y evaluación de la Estrategia. Así mismo, en qué consiste la plataforma de trámites y servicios del Estado Colombiano Sí Virtual y la iniciativa de Datos Abiertos del Gobierno.",
05/24/2017 12:00:00 AM,si,12/31/1899 12:00:00 PM,Presencial,Datos Abiertos,Charla Asistencia técnica en datos abiertos a nodos regionales,Entidad Orden Nacional,"BOGOTÁ, D.C.","BOGOTÁ, D.C.","Líderes de TI / Secretarios TIC / CIOs, Servidores Públicos",180,Luisa Fernanda Medina Martinez,Conocer las funcionalidades que ofrece la plataforma Socrata para hacer uso de la API en el marco del Datathon latam 2017,
06/01/2017 12:00:00 AM,si,12/31/1899 12:00:00 PM,Virtual,Datos Abiertos,"Primer visita territorial 2016 -  Pub, accesibilidad, seguridad, formulario  y taller de publicación de datos","Gobernación
Alcaldia","BOGOTÁ, D.C.","BOGOTÁ, D.C.","Líderes de TI / Secretarios TIC / CIOs, Servidores Públicos",544,Luisa Fernanda Medina Martinez,El objetivo de estos cursos es fortalecer las capacidades de los servidores públicos para lograr la excelencia en la gestión pública para empoderar y generar confianza en los ciudadanos gracias al uso de las TIC. El curso proveerá las herramientas conceptuales y prácticas de la estrategia de Gobierno en Línea en Colombia que permitirán a los estudiantes liderar y facilitar la implementación en sus entidades.,
06/09/2017 12:00:00 AM,si,12/31/1899 12:00:00 PM,Presencial,Datos Abiertos,Uso de Datos abiertos como fuente de innovación,Entidad Orden Nacional,"BOGOTÁ, D.C.","BOGOTÁ, D.C.","Líderes de TI / Secretarios TIC / CIOs, Servidores Públicos",20,Luisa Fernanda Medina Martinez,Qué son los datos abiertos y cuáles datos del sector pueden ser puestos a disposición de los usuarios,
06/21/2017 12:00:00 AM,si,12/31/1899 12:00:00 PM,Presencial,Datos Abiertos,Charla Asistencia técnica en apertura y uso de datos abiertos a nodos regionales,Entidad Orden Nacional,"BOGOTÁ, D.C.","BOGOTÁ, D.C.","Líderes de TI / Secretarios TIC / CIOs, Servidores Públicos",25,Luisa Fernanda Medina Martinez,Sensibilización a entidades del sector ambiente sobre la pertinencia de abrir y usar datos que ese sector produce,
06/29/2017 12:00:00 AM,si,12/31/1899 12:00:00 PM,Presencial,Datos Abiertos,Uso de Datos abiertos para desarrolladores,Entidad Orden Nacional,"BOGOTÁ, D.C.","BOGOTÁ, D.C.","Líderes de TI / Secretarios TIC / CIOs, Servidores Públicos",30,Luisa Fernanda Medina Martinez,Capacitación en datos abiertos,
06/29/2017 12:00:00 AM,si,12/31/1899 12:00:00 PM,Presencial,Datos Abiertos,"Primer visita territorial 2016 -  Pub, accesibilidad, seguridad, formulario  y taller de publicación de datos","Gobernación
Alcaldia","BOGOTÁ, D.C.","BOGOTÁ, D.C.","Líderes de TI / Secretarios TIC / CIOs, Servidores Públicos",25,Luisa Fernanda Medina Martinez,uso de las funcionalidades de desarrollo de la plataforma de datos abeirtos,
06/30/2017 12:00:00 AM,si,12/31/1899 12:00:00 PM,Presencial,Datos Abiertos,Taller sobre aprovechamiento de uso de plataforma de datos abiertos,Entidad Orden Nacional,"BOGOTÁ, D.C.","BOGOTÁ, D.C.","Líderes de TI / Secretarios TIC / CIOs, Servidores Públicos",50,Luisa Fernanda Medina Martinez,Mentoría en datos abiertos - Dathaton Latam,
07/13/2017 12:00:00 AM,si,12/31/1899 12:00:00 PM,Presencial,Datos Abiertos,Datos como derecho y oportunidad,Entidad Orden Nacional,"BOGOTÁ, D.C.","BOGOTÁ, D.C.","Líderes de TI / Secretarios TIC / CIOs, Servidores Públicos",35,Luisa Fernanda Medina Martinez,"Datos abiertos, qué son y qué ofrece la plataforma de Colombia para desarrolladores y analistas de datos",
08/04/2017 12:00:00 AM,si,12/31/1899 12:00:00 PM,Presencial,Datos Abiertos,"Primer visita territorial 2016 -  Pub, accesibilidad, seguridad, formulario  y taller de publicación de datos","Gobernación
Alcaldia","BOGOTÁ, D.C.","BOGOTÁ, D.C.","Líderes de TI / Secretarios TIC / CIOs, Servidores Públicos",15,Luisa Fernanda Medina Martinez,Manejo de herramientas de la plataforma www.datos.gov.co enfocadas en datos del medio ambiente,
08/08/2017 12:00:00 AM,si,12/31/1899 12:00:00 PM,Presencial,Datos Abiertos,Datos Abiertos - Bootcamp Woman in data,Entidad Orden Nacional,"BOGOTÁ, D.C.","BOGOTÁ, D.C.","Líderes de TI / Secretarios TIC / CIOs, Servidores Públicos",16,Luisa Fernanda Medina Martinez,Taller virtual sobre construcción de ETL desde el portal de datos abiertos del Estado Colombiano,
08/11/2017 12:00:00 AM,si,12/31/1899 12:00:00 PM,Presencial,Datos Abiertos,"Primer visita territorial 2016 -  Pub, accesibilidad, seguridad, formulario  y taller de publicación de datos","Gobernación
Alcaldia","BOGOTÁ, D.C.","BOGOTÁ, D.C.","Líderes de TI / Secretarios TIC / CIOs, Servidores Públicos",20,Luisa Fernanda Medina Martinez,Descripción de iniciativa de datos abiertos y datos disponibles para la paz,
08/25/2017 12:00:00 AM,si,12/31/1899 12:00:00 PM,Presencial,Datos Abiertos,"Primer visita territorial 2016 -  Pub, accesibilidad, seguridad, formulario  y taller de publicación de datos","Gobernación
Alcaldia","BOGOTÁ, D.C.","BOGOTÁ, D.C.","Líderes de TI / Secretarios TIC / CIOs, Servidores Públicos",30,Luisa Fernanda Medina Martinez,Taller presencial Datos para derechos humanos,
08/31/2017 12:00:00 AM,si,12/31/1899 12:00:00 PM,Presencial,Datos Abiertos,Capacitación USPEC - Datos Abiertos,Entidad Orden Nacional,"BOGOTÁ, D.C.","BOGOTÁ, D.C.","Líderes de TI / Secretarios TIC / CIOs, Servidores Públicos",20,Luisa Fernanda Medina Martinez,Iniciativa de datos abiertos,
09/14/2017 12:00:00 AM,si,12/31/1899 12:00:00 PM,Presencial,Datos Abiertos,"Primer visita territorial 2016 -  Pub, accesibilidad, seguridad, formulario  y taller de publicación de datos","Gobernación
Alcaldia","BOGOTÁ, D.C.","BOGOTÁ, D.C.","Líderes de TI / Secretarios TIC / CIOs, Servidores Públicos",17,Luisa Fernanda Medina Martinez,"Capacitación para estudiantes inscritos a Datos a la U, que trata sobre la importancia de reconoer el derecho de acceso a la información de los ciudadanos.",
09/16/2017 12:00:00 AM,si,12/31/1899 12:00:00 PM,Virtual,Datos Abiertos,Curso Virtual Datos Abiertos MinJusticia,Entidad Orden Nacional,"BOGOTÁ, D.C.","BOGOTÁ, D.C.","Líderes de TI / Secretarios TIC / CIOs, Servidores Públicos",244,Luisa Fernanda Medina Martinez,"El Ministerio de Tecnologías de la Información y las Comunicaciones (MinTIC), a través de la Dirección de Gobierno Digital, realizará un curso virtual sobre 'Datos Abiertos para la Transparencia', dirigido a los veedores de Antioquia y Bogotá, inicialmente, con el objetivo de brindarles capacidades para que, a través del uso de los datos abiertos, puedan aumentar los mecanismos de control social y aportar a la lucha contra la corrupción.",
09/16/2017 12:00:00 AM,si,12/31/1899 12:00:00 PM,Virtual,Datos Abiertos,Capacitación general Datos Abiertos RutaN - Municipios VAlle de Aburrá,Alcaldia,"BOGOTÁ, D.C.","BOGOTÁ, D.C.","Líderes de TI / Secretarios TIC / CIOs, Servidores Públicos",26,Luisa Fernanda Medina Martinez,"El Ministerio de Tecnologías de la Información y las Comunicaciones (MinTIC), a través de la Dirección de Gobierno Digital, realizará un curso virtual sobre 'Datos Abiertos para la Transparencia', dirigido a los gestores  TIC, inicialmente, con el objetivo de brindarles capacidades para que, a través del uso de los datos abiertos, puedan aumentar los mecanismos de control social y aportar a la lucha contra la corrupción.",
09/19/2017 12:00:00 AM,si,12/31/1899 12:00:00 PM,Presencial,Datos Abiertos,Capacitación en el uso y aprovechamiento de la nueva plataforma de datos.,Entidad Orden Nacional,"BOGOTÁ, D.C.","BOGOTÁ, D.C.","Líderes de TI / Secretarios TIC / CIOs, Servidores Públicos",30,Luisa Fernanda Medina Martinez,Iniciativa de Datos Abiertos de Colombia - Oportunidades DNP,
09/22/2017 12:00:00 AM,si,12/31/1899 12:00:00 PM,Virtual,Datos Abiertos,Curso Virtual Datos Abiertos Veedores Bogotá,Alcaldia,"BOGOTÁ, D.C.","BOGOTÁ, D.C.","Líderes de TI / Secretarios TIC / CIOs, Servidores Públicos",47,Luisa Fernanda Medina Martinez,Por qué los datos abiertos fortalecen y potencian la labor de los veedores en Colombia,
09/26/2017 12:00:00 AM,si,12/31/1899 12:00:00 PM,Presencial,Datos Abiertos,"Primer visita territorial 2016 -  Pub, accesibilidad, seguridad, formulario  y taller de publicación de datos","Gobernación
Alcaldia","BOGOTÁ, D.C.","BOGOTÁ, D.C.","Líderes de TI / Secretarios TIC / CIOs, Servidores Públicos",34,Luisa Fernanda Medina Martinez,"Cómo los datos abiertos son punto de partida para propiciar innovación desde distintas miradas: emprendimiento, investigación, periodismo, etc.",
09/27/2017 12:00:00 AM,si,12/31/1899 12:00:00 PM,Virtual,Datos Abiertos,Curso Virtual Datos Abiertos Gestores,Entidad Orden Nacional,"BOGOTÁ, D.C.","BOGOTÁ, D.C.","Líderes de TI / Secretarios TIC / CIOs, Servidores Públicos",15,Luisa Fernanda Medina Martinez,Cómo utilizar la herramienta para mapear datos geolocalizados,
09/29/2017 12:00:00 AM,si,12/31/1899 12:00:00 PM,Presencial,Datos Abiertos,Capacitación en uso de la plataforma - Datathon Latam 2017,Entidad Orden Nacional,"BOGOTÁ, D.C.","BOGOTÁ, D.C.","Líderes de TI / Secretarios TIC / CIOs, Servidores Públicos",20,Luisa Fernanda Medina Martinez,"¿Qué son datos abiertos? Iniciativa de Colombia, Cómo hacer innovación a partir de datos",
10/01/2017 12:00:00 AM,si,12/31/1899 12:00:00 PM,Virtual,Datos Abiertos,Webinar Curso Virtual de datos abiertos para Veedores Medellin-Datos abiertos para la transparencia,Alcaldia,"BOGOTÁ, D.C.","BOGOTÁ, D.C.","Líderes de TI / Secretarios TIC / CIOs, Servidores Públicos",110,Luisa Fernanda Medina Martinez,"El Ministerio de Tecnologías de la Información y las Comunicaciones (MinTIC), a través de la Dirección de Gobierno Digital, realizará un curso virtual sobre 'Datos Abiertos para la Transparencia', dirigido a los veedores de Antioquia y Bogotá, inicialmente, con el objetivo de brindarles capacidades para que, a través del uso de los datos abiertos, puedan aumentar los mecanismos de control social y aportar a la lucha contra la corrupción.",
10/05/2017 12:00:00 AM,si,12/31/1899 12:00:00 PM,Virtual,Datos Abiertos,Visualizar datos abiertos con Carto - Datos a la U,Entidad Orden Nacional,"BOGOTÁ, D.C.","BOGOTÁ, D.C.","Líderes de TI / Secretarios TIC / CIOs, Servidores Públicos",59,Luisa Fernanda Medina Martinez,Datos abiertos Contexto Colombiano,
10/12/2017 12:00:00 AM,si,12/31/1899 12:00:00 PM,Virtual,Datos Abiertos,Curso Virtual Datos Abiertos Veedores Medellin,Entidad Orden Nacional,"BOGOTÁ, D.C.","BOGOTÁ, D.C.","Líderes de TI / Secretarios TIC / CIOs, Servidores Públicos",78,Luisa Fernanda Medina Martinez,Visualizando las Compras Públicas del país. Colombia Compra Eficiente,
10/19/2017 12:00:00 AM,si,12/31/1899 12:00:00 PM,Virtual,Datos Abiertos,Webinar Curso Virtual de datos abiertos para Veedores Medellin -Datos abiertos Contexto Colombiano,Alcaldia,"BOGOTÁ, D.C.","BOGOTÁ, D.C.","Líderes de TI / Secretarios TIC / CIOs, Servidores Públicos",64,Luisa Fernanda Medina Martinez,Uso de Datos Abiertos en la academia,
11/15/2017 12:00:00 AM,si,12/31/1899 12:00:00 PM,Virtual,Datos Abiertos,Capacitación en el uso de datos abiertos y datos sensibles,Entidad Orden Nacional,"BOGOTÁ, D.C.","BOGOTÁ, D.C.","Líderes de TI / Secretarios TIC / CIOs, Servidores Públicos",170,Luisa Fernanda Medina Martinez,"El Ministerio de Tecnologías de la Información y las Comunicaciones, en alianza con la Contraloría General de la República, abre las inscripciones para que, antes de finalizar el 2017, servidores públicos y contratistas. de esta entidad de control se formen en competencias y habilidades, a través del curso virtual de Gobierno Digital.La convocatoria está dirigida a 300 Servidores públicos y el objetivo es fortalecer los conocimientos relacionados con el uso de las TIC, de manera fácil, práctica y virtual, a través de la plataforma educativa del MinTIC.",
11/22/2017 12:00:00 AM,si,12/31/1899 12:00:00 PM,Virtual,Datos Abiertos,Webinar Curso Virtual de datos abiertos para Veedores Medellin -Visualizando las compras públicas,Alcaldia,"BOGOTÁ, D.C.","BOGOTÁ, D.C.","Líderes de TI / Secretarios TIC / CIOs, Servidores Públicos",28,Luisa Fernanda Medina Martinez,"Experiencia de compras públicas, Datos a la U, Periodismo de Datos",
11/29/2017 12:00:00 AM,si,12/31/1899 12:00:00 PM,Virtual,Datos Abiertos,Webinar Curso Virtual de datos abiertos para Veedores Medellin -Uso de Datos Abiertos en la academia,Alcaldia,"BOGOTÁ, D.C.","BOGOTÁ, D.C.","Líderes de TI / Secretarios TIC / CIOs, Servidores Públicos",14,Luisa Fernanda Medina Martinez,"Experiencia de compras públicas, Datos a la U, Periodismo de Datos",
12/06/2017 12:00:00 AM,si,12/31/1899 12:00:00 PM,Virtual,Datos Abiertos,Generalidades sobre los datos abiertos,Entidad Orden Nacional,"BOGOTÁ, D.C.","BOGOTÁ, D.C.","Líderes de TI / Secretarios TIC / CIOs, Servidores Públicos",15,Luisa Fernanda Medina Martinez,Capacitación a representantes de alcaldías de Valle de Aburrá sobre generalidades de datos abiertos,
01/24/2018 12:00:00 AM,si,12/31/1899 12:00:00 PM,Presencial,Datos Abiertos,Capacitación Apertura y Uso de  Datos Abiertos para la Auditoría,Entidad Orden Nacional,"BOGOTÁ, D.C.","BOGOTÁ, D.C.","Líderes de TI / Secretarios TIC / CIOs, Servidores Públicos",30,Luisa Fernanda Medina Martinez,Capacitar a auditores de la Contraloría General de la República,
02/09/2018 12:00:00 AM,si,12/31/1899 12:00:00 PM,Presencial,Datos Abiertos,Webinar Curso Virtual Datos abiertos Veedores Bogotá 2,Entidad Orden Nacional,"BOGOTÁ, D.C.","BOGOTÁ, D.C.","Líderes de TI / Secretarios TIC / CIOs, Servidores Públicos",50,Luisa Fernanda Medina Martinez,Charla sobre qué son los datos abiertos y cómo se pueden usar para el periodismo,
02/16/2018 12:00:00 AM,si,12/31/1899 12:00:00 PM,Presencial,Datos Abiertos,Webinar Curso Virtual Datos abiertos Veedores Bogotá  1,Entidad Orden Nacional,"BOGOTÁ, D.C.","BOGOTÁ, D.C.","Líderes de TI / Secretarios TIC / CIOs, Servidores Públicos",10,Luisa Fernanda Medina Martinez,Capacitar sobre las generalidades en datos abiertos al equipo del tanque de pensamiento de la universidad del Rosario,
02/22/2018 12:00:00 AM,si,12/31/1899 12:00:00 PM,Presencial,Datos Abiertos,Capacitación a periodistas - Colombia Compra Eficiente,Entidad Orden Nacional,"BOGOTÁ, D.C.","BOGOTÁ, D.C.","Líderes de TI / Secretarios TIC / CIOs, Servidores Públicos",30,Luisa Fernanda Medina Martinez,Enseñar a periodistas de medios impresos y digitales cómo se usan los datos de compras públicas,
03/06/2018 12:00:00 AM,si,12/31/1899 12:00:00 PM,Virtual,Datos Abiertos,Capacitación en Calidad de Datos área metropolitana de Medellín,Alcaldia,"BOGOTÁ, D.C.","BOGOTÁ, D.C.","Líderes de TI / Secretarios TIC / CIOs, Servidores Públicos",30,Luisa Fernanda Medina Martinez,Contar a Servidores públicos de área metropolitana de Medellín cuáles son los lineamientos generales sobre calidad de datos,
03/23/2018 12:00:00 AM,si,12/31/1899 12:00:00 PM,Virtual,Datos Abiertos,Data Drive UK,Entidad Orden Nacional,"BOGOTÁ, D.C.","BOGOTÁ, D.C.","Líderes de TI / Secretarios TIC / CIOs, Servidores Públicos",40,Luisa Fernanda Medina Martinez,Taller de analitica,
04/12/2018 12:00:00 AM,si,12/31/1899 12:00:00 PM,Presencial,Datos Abiertos,"Generalidades de Datos Abiertos - calidad, normatividad, apropiación",Entidad Orden Nacional,"BOGOTÁ, D.C.","BOGOTÁ, D.C.","Líderes de TI / Secretarios TIC / CIOs, Servidores Públicos",20,Luisa Fernanda Medina Martinez,Charla Datos Abiertos,
08/01/2018 12:00:00 AM,si,12/31/1899 12:00:00 PM,Presencial,Datos Abiertos,Datos abiertos y Conpes de Big Data,Entidad Orden Nacional,"BOGOTÁ, D.C.","BOGOTÁ, D.C.","Líderes de TI / Secretarios TIC / CIOs, Servidores Públicos",12,Carlos Julio León Caicedo,Enseñar al equipo técnico de Colpensiones lo referente a datos abiertos a la luz de la nueva política de Gobierno Digital,
08/16/2018 12:00:00 AM,si,12/31/1899 12:00:00 PM,Presencial,Datos Abiertos,Datos abiertos en la academia,Entidad Orden Nacional,"BOGOTÁ, D.C.","BOGOTÁ, D.C.","Líderes de TI / Secretarios TIC / CIOs, Servidores Públicos",30,Luisa Fernanda Medina Martinez,"Enseñar a estudiantes de la Universidad Libre - sede Pereira, las generalidades sobre datos abiertos y por qué son insumo importante para la generación de valor",
08/23/2018 12:00:00 AM,si,12/31/1899 12:00:00 PM,Presencial,Datos Abiertos,"Generalidades de los datos abiertos, información relevante, apropiación, entre otros",Entidad Orden Nacional,"BOGOTÁ, D.C.","BOGOTÁ, D.C.","Líderes de TI / Secretarios TIC / CIOs, Servidores Públicos",10,Luisa Fernanda Medina Martinez,Charla de Datos Abiertos,
09/08/2018 12:00:00 AM,si,12/31/1899 12:00:00 PM,Presencial,Datos Abiertos,Recursos para el desarrollo de soluciones,Entidad Orden Nacional,"BOGOTÁ, D.C.","BOGOTÁ, D.C.","Líderes de TI / Secretarios TIC / CIOs, Servidores Públicos",30,Luisa Fernanda Medina Martinez,Enseñar a los desarrolladores cómo el portal de datos ofrece herramientas para el desarrollo (API),
09/12/2018 12:00:00 AM,si,12/31/1899 12:00:00 PM,Presencial,Datos Abiertos,Datos para la toma de decisiones,Entidad Orden Nacional,"BOGOTÁ, D.C.","BOGOTÁ, D.C.","Líderes de TI / Secretarios TIC / CIOs, Servidores Públicos",30,Luisa Fernanda Medina Martinez,Charla de sensibilización dirigida a estudiantes de 10 y 11 grado de un colegio privado de Mosquera.,
09/13/2018 12:00:00 AM,si,12/31/1899 12:00:00 PM,Virtual,Datos Abiertos,Sello de Excelencia en Datos abiertos y servicios,Entidad Orden Nacional,"BOGOTÁ, D.C.","BOGOTÁ, D.C.","Líderes de TI / Secretarios TIC / CIOs, Servidores Públicos",10,Luisa Fernanda Medina Martinez,Compartir con Uruguay y México el modelo de Sello de Excelencia,
09/27/2018 12:00:00 AM,si,12/31/1899 12:00:00 PM,Presencial,Datos Abiertos,Datos abiertos para la toma de decisiones,Entidad Orden Nacional,"BOGOTÁ, D.C.","BOGOTÁ, D.C.","Líderes de TI / Secretarios TIC / CIOs, Servidores Públicos",100,Luisa Fernanda Medina Martinez,Dar a conocer a estudiantes de la Universidad Agustiniana la iniciativa de datos de Colombia,
09/27/2018 12:00:00 AM,si,12/31/1899 12:00:00 PM,Presencial,Datos Abiertos,Datos abiertos,Entidad Orden Nacional,"BOGOTÁ, D.C.","BOGOTÁ, D.C.","Líderes de TI / Secretarios TIC / CIOs, Servidores Públicos",40,Luisa Fernanda Medina Martinez,Capacitación sobre conceptos básicos de datos abiertos,
09/27/2018 12:00:00 AM,si,12/31/1899 12:00:00 PM,Presencial,Datos Abiertos,Capacitación Datos Abiertos Servidores públicos del Ministerio de Vivienda,Entidad Orden Nacional,"BOGOTÁ, D.C.","BOGOTÁ, D.C.","Líderes de TI / Secretarios TIC / CIOs, Servidores Públicos",10,Luisa Fernanda Medina Martinez,Capacitación sobre conceptos básicos de datos abiertos,
10/16/2018 12:00:00 AM,si,12/31/1899 12:00:00 PM,Virtual,Datos Abiertos,Uso de Datos Abiertos - Visualización de datos con Power BI de Microsoft. (1 hora),Entidad Orden Nacional,"BOGOTÁ, D.C.","BOGOTÁ, D.C.","Líderes de TI / Secretarios TIC / CIOs, Servidores Públicos",100,Luisa Fernanda Medina Martinez,Generar capacidades en herramientas para visualización de datos abiertos - Power BI,
10/17/2018 12:00:00 AM,si,12/31/1899 12:00:00 PM,Virtual,Datos Abiertos,Uso de Datos Abiertos - Visualización de datos con Tableau Public. (1 hora),Entidad Orden Nacional,"BOGOTÁ, D.C.","BOGOTÁ, D.C.","Líderes de TI / Secretarios TIC / CIOs, Servidores Públicos",165,Luisa Fernanda Medina Martinez,Generar capacidades en herramientas para visualización de datos abiertos - Tableu,
10/22/2018 12:00:00 AM,si,12/31/1899 12:00:00 PM,Virtual,Datos Abiertos,Uso de Datos Abiertos - Herramientas para Analítica Avanzada con R Studio. (2 horas),Entidad Orden Nacional,"BOGOTÁ, D.C.","BOGOTÁ, D.C.","Líderes de TI / Secretarios TIC / CIOs, Servidores Públicos",198,Luisa Fernanda Medina Martinez,Generar capacidades en herramientas para visualización de datos abiertos - R,
11/09/2018 12:00:00 AM,si,12/31/1899 12:00:00 PM,Virtual,Datos Abiertos,Contextualización Datos Abiertos Enlazados,Entidad Orden Nacional,"BOGOTÁ, D.C.","BOGOTÁ, D.C.","Líderes de TI / Secretarios TIC / CIOs, Servidores Públicos",100,Luisa Fernanda Medina Martinez,Contextualización Datos Abiertos Enlazados,
11/14/2018 12:00:00 AM,si,12/31/1899 12:00:00 PM,Virtual,Datos Abiertos,Conceptos sobre Datos Abiertos Enlazados: 14 de noviembre.,Entidad Orden Nacional,"BOGOTÁ, D.C.","BOGOTÁ, D.C.","Líderes de TI / Secretarios TIC / CIOs, Servidores Públicos",78,Luisa Fernanda Medina Martinez,Conceptos sobre Datos Abiertos Enlazados: 14 de noviembre.,
11/15/2018 12:00:00 AM,si,12/31/1899 12:00:00 PM,Virtual,Datos Abiertos,Taller de herramienta de activos de información,Entidad Orden Nacional,"BOGOTÁ, D.C.","BOGOTÁ, D.C.","Líderes de TI / Secretarios TIC / CIOs, Servidores Públicos",28,Luisa Fernanda Medina Martinez,Conceptos sobre Datos Abiertos Enlazados: 14 de noviembre.,
11/16/2018 12:00:00 AM,si,12/31/1899 12:00:00 PM,Presencial,Datos Abiertos,Taller en Datos Abiertos Enlazados: Concepto y ejercicios prácticos,Entidad Orden Nacional,"BOGOTÁ, D.C.","BOGOTÁ, D.C.","Líderes de TI / Secretarios TIC / CIOs, Servidores Públicos",80,Luisa Fernanda Medina Martinez,Taller en Datos Abiertos Enlazados: Concepto y ejercicios prácticos,
11/20/2018 12:00:00 AM,si,12/31/1899 12:00:00 PM,Virtual,Datos Abiertos,Cómo pasar de Datos Abiertos a Datos Abiertos Enlazados: 20 de noviembre.,Entidad Orden Nacional,"BOGOTÁ, D.C.","BOGOTÁ, D.C.","Líderes de TI / Secretarios TIC / CIOs, Servidores Públicos",79,Luisa Fernanda Medina Martinez,Cómo pasar de Datos Abiertos a Datos Abiertos Enlazados: 20 de noviembre.,
11/21/2018 12:00:00 AM,si,12/31/1899 12:00:00 PM,Presencial,Datos Abiertos,Taller de herramienta de activos de información,Entidad Orden Nacional,"BOGOTÁ, D.C.","BOGOTÁ, D.C.","Líderes de TI / Secretarios TIC / CIOs, Servidores Públicos",59,Luisa Fernanda Medina Martinez,Taller de herramienta de activos de información,
11/22/2018 12:00:00 AM,si,12/31/1899 12:00:00 PM,Virtual,Datos Abiertos,Ejercicio práctico sobre Datos Abiertos Enlazados: 22 de noviembre.,Entidad Orden Nacional,"BOGOTÁ, D.C.","BOGOTÁ, D.C.","Líderes de TI / Secretarios TIC / CIOs, Servidores Públicos",70,Luisa Fernanda Medina Martinez,Ejercicio práctico sobre Datos Abiertos Enlazados: 22 de noviembre.,
11/23/2018 12:00:00 AM,si,12/31/1899 12:00:00 PM,Presencial,Datos Abiertos,Taller en Datos Abiertos Enlazados: Concepto y ejercicios prácticos,Entidad Orden Nacional,"BOGOTÁ, D.C.","BOGOTÁ, D.C.","Líderes de TI / Secretarios TIC / CIOs, Servidores Públicos",40,Luisa Fernanda Medina Martinez,Taller en Datos Abiertos Enlazados: Concepto y ejercicios prácticos,
11/23/2018 12:00:00 AM,si,12/31/1899 12:00:00 PM,Presencial,Datos Abiertos,Taller en Datos Abiertos Enlazados: Concepto y ejercicios prácticos,Entidad Orden Nacional,"BOGOTÁ, D.C.","BOGOTÁ, D.C.","Líderes de TI / Secretarios TIC / CIOs, Servidores Públicos",23,Luisa Fernanda Medina Martinez,Taller en Datos Abiertos Enlazados: Concepto y ejercicios prácticos,
11/28/2018 12:00:00 AM,si,12/31/1899 12:00:00 PM,Presencial,Datos Abiertos,Taller de herramienta de activos de información,Entidad Orden Nacional,"BOGOTÁ, D.C.","BOGOTÁ, D.C.","Líderes de TI / Secretarios TIC / CIOs, Servidores Públicos",30,Luisa Fernanda Medina Martinez,Taller de herramienta de activos de información,
11/30/2018 12:00:00 AM,si,12/31/1899 12:00:00 PM,Presencial,Datos Abiertos,Taller en Datos Abiertos Enlazados: Concepto y ejercicios prácticos,Entidad Orden Nacional,"BOGOTÁ, D.C.","BOGOTÁ, D.C.","Líderes de TI / Secretarios TIC / CIOs, Servidores Públicos",36,Luisa Fernanda Medina Martinez,Taller en Datos Abiertos Enlazados: Concepto y ejercicios prácticos,
12/19/2018 12:00:00 AM,si,12/31/1899 12:00:00 PM,Presencial,Datos Abiertos,Uso de Datos Abiertos - Taller de Tableu Servidores públicos MINTIC,Entidad Orden Nacional,"BOGOTÁ, D.C.","BOGOTÁ, D.C.","Líderes de TI / Secretarios TIC / CIOs, Servidores Públicos",25,Luisa Fernanda Medina Martinez,Taller de Tableu Servidores públicos MINTIC,
02/20/2019 12:00:00 AM,si,12/31/1899 12:00:00 PM,Presencial,Datos Abiertos,Datos Abiertos y sello de excelencia,Entidad Orden Nacional,"BOGOTÁ, D.C.","BOGOTÁ, D.C.","Líderes de TI / Secretarios TIC / CIOs, Servidores Públicos",25,Luisa Fernanda Medina Martinez,"Entrenar al equipo de Gobernación de Cundinamarca (secretarías, Oficina de planeación,sistemas)",
01/24/2019 12:00:00 AM,si,12/31/1899 12:00:00 PM,Presencial,Datos Abiertos,Plataforma Nacional de Datos Abiertos,Entidad Orden Nacional,"BOGOTÁ, D.C.","BOGOTÁ, D.C.","Líderes de TI / Secretarios TIC / CIOs, Servidores Públicos",25,Luisa Fernanda Medina Martinez,Dar a conocer a los periodistas de El Espectador las funcionalidades e la plataforma www.datos.gov.co,
02/01/2019 12:00:00 AM,si,12/31/1899 12:00:00 PM,Virtual,Datos Abiertos,Curso Virtual de datos para la toma de desiciones RUTA N,Alcaldia,"BOGOTÁ, D.C.","BOGOTÁ, D.C.","Líderes de TI / Secretarios TIC / CIOs, Servidores Públicos",127,Luisa Fernanda Medina Martinez,"Curso virtual realizado a entes de control, estudiantes, entidades del área metropolitana de Medellín",
11/23/2018 12:00:00 AM,si,12/31/1899 12:00:00 PM,Presencial,Datos Abiertos,Taller en Datos Abiertos Enlazados:Concepto y ejercicios prácticos  - Uso de Datos,Entidad Orden Nacional,"BOGOTÁ, D.C.","BOGOTÁ, D.C.","Líderes de TI / Secretarios TIC / CIOs, Servidores Públicos",70,Luisa Fernanda Medina Martinez,Taller en Datos Abiertos Enlazados: Concepto y ejercicios prácticos,
03/02/2019 12:00:00 AM,si,12/31/1899 12:00:00 PM,Presencial,Datos Abiertos,Open Data Day #IgualData,Entidad Orden Nacional,"BOGOTÁ, D.C.","BOGOTÁ, D.C.","Líderes de TI / Secretarios TIC / CIOs, Servidores Públicos",50,Luisa Fernanda Medina Martinez,,
03/12/2019 12:00:00 AM,si,12/31/1899 12:00:00 PM,Presencial,Datos Abiertos,Capacitación plataforma www.datos.gov.co,Entidad Orden Nacional,"BOGOTÁ, D.C.","BOGOTÁ, D.C.","Líderes de TI / Secretarios TIC / CIOs, Servidores Públicos",8,Luisa Fernanda Medina Martinez,Explicar a la mesa de ayuda el funcionamiento de la plataforma www.datos.gov.co,
03/14/2019 12:00:00 AM,si,12/31/1899 12:00:00 PM,Presencial,Datos Abiertos,DatajamSeguridad,Entidad Orden Nacional,"BOGOTÁ, D.C.","BOGOTÁ, D.C.","Líderes de TI / Secretarios TIC / CIOs, Servidores Públicos",50,Luisa Fernanda Medina Martinez,Capacitación en uso de plataforma,
06/18/2019 12:00:00 AM,si,12/31/1899 12:00:00 PM,Presencial,Datos Abiertos,Datos para el legislativo,Entidad Orden Nacional,"BOGOTÁ, D.C.","BOGOTÁ, D.C.","Líderes de TI / Secretarios TIC / CIOs, Servidores Públicos",20,Luisa Fernanda Medina Martinez,Conferencia sobre datos abiertos Senado de la República,
11/27/2019 12:00:00 AM,si,12/31/1899 12:00:00 PM,Presencial,Datos Abiertos,Datos y Medio ambiente,Entidad Orden Nacional,"BOGOTÁ, D.C.","BOGOTÁ, D.C.","Líderes de TI / Secretarios TIC / CIOs, Servidores Públicos",20,Luisa Fernanda Medina Martinez,Explicar cómo en la academia se puedn usar los datos para la genereación de valor,
11/28/2019 12:00:00 AM,si,12/31/1899 12:00:00 PM,Presencial,Datos Abiertos,Datos y Medio ambiente,Entidad Orden Nacional,"BOGOTÁ, D.C.","BOGOTÁ, D.C.","Líderes de TI / Secretarios TIC / CIOs, Servidores Públicos",20,Luisa Fernanda Medina Martinez,Explicar cómo en la academia se puedn usar los datos para la genereación de valor,
11/26/2019 12:00:00 AM,si,12/31/1899 12:00:00 PM,Presencial,Datos Abiertos,Datos abiertos para la innovacion,Entidad Orden Nacional,"BOGOTÁ, D.C.","BOGOTÁ, D.C.","Líderes de TI / Secretarios TIC / CIOs, Servidores Públicos",20,Luisa Fernanda Medina Martinez,Explicar cómo en la academia se puedn usar los datos para la genereación de valor,
11/20/2019 12:00:00 AM,si,12/31/1899 12:00:00 PM,Presencial,Datos Abiertos,Datos geográficos,Entidad Orden Nacional,"BOGOTÁ, D.C.","BOGOTÁ, D.C.","Líderes de TI / Secretarios TIC / CIOs, Servidores Públicos",25,Luisa Fernanda Medina Martinez,"Taller aplicado de calidad de datos con Open Refine, en el curso datos abiertos geográficos",
11/14/2019 12:00:00 AM,si,12/31/1899 12:00:00 PM,Presencial,Datos Abiertos,Uso y aprovechamiento de datos,Entidad Orden Nacional,"BOGOTÁ, D.C.","BOGOTÁ, D.C.","Líderes de TI / Secretarios TIC / CIOs, Servidores Públicos",20,Luisa Fernanda Medina Martinez,Taller con estudiantes de la Sergio Arboleda,
11/13/2019 12:00:00 AM,si,12/31/1899 12:00:00 PM,Presencial,Datos Abiertos,Uso y aprovechamiento,Entidad Orden Nacional,"BOGOTÁ, D.C.","BOGOTÁ, D.C.","Líderes de TI / Secretarios TIC / CIOs, Servidores Públicos",16,Luisa Fernanda Medina Martinez,Taller con emprendedores sobre los territorios,
11/01/2019 12:00:00 AM,si,12/31/1899 12:00:00 PM,Presencial,Datos Abiertos,Apertura y uso de datos,Entidad Orden Nacional,"BOGOTÁ, D.C.","BOGOTÁ, D.C.","Líderes de TI / Secretarios TIC / CIOs, Servidores Públicos",20,Luisa Fernanda Medina Martinez,Talller sobre cómo usar los datos de género,
02/06/2020 12:00:00 AM,si,12/31/1899 12:00:00 PM,Presencial,Datos Abiertos,"Más Datos Abiertos, Más transparencia",Entidad Orden Nacional,"BOGOTÁ, D.C.","BOGOTÁ, D.C.","Líderes de TI / Secretarios TIC / CIOs, Servidores Públicos",30,Luisa Fernanda Medina Martinez,"Capacitación básica de datos abiertos para la Auditoria General de la Nación, Contexto, Valor de los Datos Abiertos, Los Datos Abiertos en Colombia, Retos y Desafios",
02/19/2020 12:00:00 AM,si,12/31/1899 12:00:00 PM,Presencial,Datos Abiertos,Parlamento Abierto - Cámara de Comercio,Entidad Orden Nacional,"BOGOTÁ, D.C.","BOGOTÁ, D.C.","Líderes de TI / Secretarios TIC / CIOs, Servidores Públicos",60,Luisa Fernanda Medina Martinez,Formar a los funcionarios de la rama legislativa de Cámara de Representantes en los retos y desafíos de datos abiertos para esta corporación,
03/19/2020 12:00:00 AM,si,12/31/1899 12:00:00 PM,Virtual,Datos Abiertos,Datos abiertos para la toma de decisiones,Entidad Orden Nacional,"BOGOTÁ, D.C.","BOGOTÁ, D.C.","Líderes de TI / Secretarios TIC / CIOs, Servidores Públicos",10,Luisa Fernanda Medina Martinez,Jornada de formación con Fondo Nacional del Ahorro para entrenar al nuevo equipo sobre los retos y desafíos de los datos para la entidad.,
04/01/2020 12:00:00 AM,si,12/31/1899 12:00:00 PM,Virtual,Datos Abiertos,"Datos Abiertos: apertura, calidad y uso para la Policía Naciona",Entidad Orden Nacional,"BOGOTÁ, D.C.","BOGOTÁ, D.C.","Líderes de TI / Secretarios TIC / CIOs, Servidores Públicos",10,Luisa Fernanda Medina Martinez,Jornada con las unidades de telemática y de planeación de la Policía Nacional para revisar los aspectos a contemplar en los datos abiertos de la Policía Nacional,
03/05/2020 12:00:00 AM,si,12/31/1899 12:00:00 PM,Virtual,Datos Abiertos,1 ra Calidatón de Datos Abiertos,"Entidad Orden Nacional, Gobernación, Alcaldía","BOGOTÁ, D.C.","BOGOTÁ, D.C.","Líderes de TI / Secretarios TIC / CIOs, Servidores Públicos",197,Luisa Fernanda Medina Martinez,Espacio para enseñar a las entidades los aspecto principales para tener conjuntos de datos de calidad,
05/12/2020 12:00:00 AM,si,12/31/1899 12:00:00 PM,Virtual,Datos Abiertos,2da Calidaton: Datos abiertos COVID-19 una oportunidad en tiempos de crisis,"Entidad Orden Nacional, Gobernación, Alcaldía","BOGOTÁ, D.C.","BOGOTÁ, D.C.","Líderes de TI / Secretarios TIC / CIOs, Servidores Públicos",290,Luisa Fernanda Medina Martinez,"Espacio para enseñar a las entidades los aspecto principales para tener conjuntos de datos de calidad, Experiencia del Instituto Nacional de Salud con Datos del COVID-19",
06/03/2020 12:00:00 AM,si,12/31/1899 12:00:00 PM,Virtual,Datos Abiertos,Conéctate Con Gobierno Digital Ciclo II ZONA EJE CAFETERO:CONSOLIDACIÓN DE UN ESTADO ABIERTO Y TOMA DE DECISIONES BASADA EN DATOS,"Entidad Orden Nacional, Gobernación, Alcaldía","BOGOTÁ, D.C.","BOGOTÁ, D.C.","Líderes de TI / Secretarios TIC / CIOs, Servidores Públicos",98,Luisa Fernanda Medina Martinez,Capacitación a nivel regional sobre datos abiertos y el proyecto datasandbox,
06/03/2020 12:00:00 AM,si,12/31/1899 12:00:00 PM,Virtual,Datos Abiertos,Conéctate Con Gobierno Digital Ciclo II ZONA CENTRO SUR:CONSOLIDACIÓN DE UN ESTADO ABIERTO Y TOMA DE DECISIONES BASADA EN DATOS,"Entidad Orden Nacional, Gobernación, Alcaldía","BOGOTÁ, D.C.","BOGOTÁ, D.C.","Líderes de TI / Secretarios TIC / CIOs, Servidores Públicos",90,Luisa Fernanda Medina Martinez,Capacitación a nivel regional sobre datos abiertos y el proyecto datasandbox,
06/10/2020 12:00:00 AM,si,12/31/1899 12:00:00 PM,Virtual,Datos Abiertos,Conéctate Con Gobierno Digital Ciclo II ZONA CARIBE:CONSOLIDACIÓN DE UN ESTADO ABIERTO Y TOMA DE DECISIONES BASADA EN DATOS,"Entidad Orden Nacional, Gobernación, Alcaldía","BOGOTÁ, D.C.","BOGOTÁ, D.C.","Líderes de TI / Secretarios TIC / CIOs, Servidores Públicos",69,Luisa Fernanda Medina Martinez,Capacitación a nivel regional sobre datos abiertos y el proyecto datasandbox,
06/10/2020 12:00:00 AM,si,12/31/1899 12:00:00 PM,Virtual,Datos Abiertos,Conéctate Con Gobierno Digital Ciclo II ZONA PACIFICO:CONSOLIDACIÓN DE UN ESTADO ABIERTO Y TOMA DE DECISIONES BASADA EN DATOS,"Entidad Orden Nacional, Gobernación, Alcaldía","BOGOTÁ, D.C.","BOGOTÁ, D.C.","Líderes de TI / Secretarios TIC / CIOs, Servidores Públicos",109,Luisa Fernanda Medina Martinez,Capacitación a nivel regional sobre datos abiertos y el proyecto datasandbox,
06/17/2020 12:00:00 AM,si,12/31/1899 12:00:00 PM,Virtual,Datos Abiertos,Conéctate Con Gobierno Digital Ciclo II ZONA CENTRO ORIENTAL:CONSOLIDACIÓN DE UN ESTADO ABIERTO Y TOMA DE DECISIONES BASADA EN DATOS,"Entidad Orden Nacional, Gobernación, Alcaldía","BOGOTÁ, D.C.","BOGOTÁ, D.C.","Líderes de TI / Secretarios TIC / CIOs, Servidores Públicos",190,Luisa Fernanda Medina Martinez,Capacitación a nivel regional sobre datos abiertos y el proyecto datasandbox,
06/17/2020 12:00:00 AM,si,12/31/1899 12:00:00 PM,Virtual,Datos Abiertos,Conéctate Con Gobierno Digital Ciclo II ZONA LLANO:CONSOLIDACIÓN DE UN ESTADO ABIERTO Y TOMA DE DECISIONES BASADA EN DATOS,"Entidad Orden Nacional, Gobernación, Alcaldía","BOGOTÁ, D.C.","BOGOTÁ, D.C.","Líderes de TI / Secretarios TIC / CIOs, Servidores Públicos",95,Luisa Fernanda Medina Martinez,Capacitación a nivel regional sobre datos abiertos y el proyecto datasandbox,
07/22/2020 12:00:00 AM,si,12/31/1899 12:00:00 PM,Virtual,Datos Abiertos,Proyectos de Big Data del DANE - Data Sandbox,Entidad Orden Nacional,"BOGOTÁ, D.C.","BOGOTÁ, D.C.","Líderes de TI / Secretarios TIC / CIOs, Servidores Públicos",10,Carlos Julio León Caicedo,"Capacitación proyecto datasanbox equipo DANE, DNP",
08/20/2020 12:00:00 AM,si,12/31/1899 12:00:00 PM,Virtual,Datos Abiertos,Hablemos de Gobierno Digital: Big Data al servicio de las entidades públicas,"Entidad Orden Nacional, Gobernación, Alcaldía","BOGOTÁ, D.C.","BOGOTÁ, D.C.","Líderes de TI / Secretarios TIC / CIOs, Servidores Públicos",180,Carlos Julio León Caicedo,Capacitación sobre la relevancia del Big Data en el cumplimiento de las metas de desarrollo del Gobierno Nacional y en la gestión de la actual pandemia,
08/27/2020 12:00:00 AM,si,12/31/1899 12:00:00 PM,Virtual,Datos Abiertos,Entendimiento y promoción sobre datos abiertos en la,Entidad Orden Nacional,"BOGOTÁ, D.C.","BOGOTÁ, D.C.","Líderes de TI / Secretarios TIC / CIOs, Servidores Públicos",48,Luisa Fernanda Medina Martinez,"Capacitación sobre Entendimiento y promoción sobre datos abiertos en la ESAP, con el acompañamiento de funcionarios MINTIC.",
08/27/2020 12:00:00 AM,si,12/31/1899 12:00:00 PM,Virtual,Datos Abiertos,Contexto Datos Abiertos,Entidad Orden Nacional,"BOGOTÁ, D.C.","BOGOTÁ, D.C.","Líderes de TI / Secretarios TIC / CIOs, Servidores Públicos",20,Luisa Fernanda Medina Martinez,Capacitación basica de datos abiertos para el SENA,
10/09/2020 12:00:00 AM,si,12/31/1899 12:00:00 PM,Virtual,Datos Abiertos,"Taller de Calidad en el Seminario Web: Datos Abiertos Geoespaciales, contribuyendo a la transparencia del país.",Entidad Orden Nacional,"BOGOTÁ, D.C.","BOGOTÁ, D.C.","Líderes de TI / Secretarios TIC / CIOs, Servidores Públicos",115,Mauricio Smith,"Este taller  se desarrolló los días 8, 10 y 15 de septiembre (de 9 a 11 am COT cada día). Las dos primeras fechas  orientadas a socializar las ventajas, alternativas y el impacto de disponer datos a las entidades que producen información geográfica. El 15 de septiembre tuvo  como objetivo socializar las plataformas de información geográfica de algunas de las instituciones asociadas a la ICDE a los usuarios finales de este tipo de información.",
11/23/2020 12:00:00 AM,si,12/31/1899 12:00:00 PM,Virtual,Datos Abiertos,Ciclo de Talleres de calidad Nivel 1 ¿Como mejorar la calidad de sus conjuntos de datos públicos?,Entidad Orden Nacional,"BOGOTÁ, D.C.","BOGOTÁ, D.C.","Líderes de TI / Secretarios TIC / CIOs, Servidores Públicos",573,Mauricio Smith,orientado a entidades que utilizan Excel como herramienta principal para el manejo e interpretación de su información. Se mostrará como sacar el mejor provecho a esta herramienta y como pueden utilizar para hacer análisis de datos y también mejorar su calidad,
11/24/2020 12:00:00 AM,si,12/31/1899 12:00:00 PM,Virtual,Datos Abiertos,Ciclo de Talleres de calidad Nivel 2 Intermedio,Entidad Orden Nacional,"BOGOTÁ, D.C.","BOGOTÁ, D.C.","Líderes de TI / Secretarios TIC / CIOs, Servidores Públicos",300,Mauricio Smith,"entidades que tienen una mayor experiencia en manejo y entendimiento de su información, a través de la utilización herramientas como Python, R, SPSS o cualquier herramienta estadística.",
11/26/2020 12:00:00 AM,si,12/31/1899 12:00:00 PM,Virtual,Datos Abiertos,Ciclo de Talleres de calidad Nivel 3 Avanzado,Entidad Orden Nacional,"BOGOTÁ, D.C.","BOGOTÁ, D.C.","Líderes de TI / Secretarios TIC / CIOs, Servidores Públicos",208,Mauricio Smith,"entidades que ya han incorporado en sus análisis, algoritmos de aprendizaje de máquina o herramientas avanzadas para la interpretación de información y la identificación de problemas de calidad.",
12/10/2020 12:00:00 AM,si,12/31/1899 12:00:00 PM,Virtual,Datos Abiertos,Taller Hoja de Ruta MinSalud,Entidad Orden Nacional,"BOGOTÁ, D.C.","BOGOTÁ, D.C.","Líderes de TI / Secretarios TIC / CIOs, Servidores Públicos",7,Luisa Fernanda Medina Martinez,Taller de apertura de datos abiertos estratégicos para hoja de ruta,
02/25/2021 12:00:00 AM,si,12/31/1899 12:00:00 PM,Virtual,Datos Abiertos,Taller Hoja de Ruta MinEducación,Entidad Orden Nacional,"BOGOTÁ, D.C.","BOGOTÁ, D.C.","Líderes de TI / Secretarios TIC / CIOs, Servidores Públicos",5,Luisa Fernanda Medina Martinez,Taller de apertura de datos abiertos estratégicos para hoja de ruta,
03/02/2021 12:00:00 AM,si,12/31/1899 12:00:00 PM,Virtual,Datos Abiertos,Taller de datos abiertos Gobernación de Antioquia,Gobernación,"BOGOTÁ, D.C.","BOGOTÁ, D.C.","Líderes de TI / Secretarios TIC / CIOs, Servidores Públicos",8,Luisa Fernanda Medina Martinez,Capacitación básica de datos abiertos para funcionarios de la Gobernación de Antioquia,
03/11/2021 12:00:00 AM,si,12/31/1899 12:00:00 PM,Virtual,Datos Abiertos,Taller de datos abiertos San Andres,Gobernación,"BOGOTÁ, D.C.","BOGOTÁ, D.C.","Líderes de TI / Secretarios TIC / CIOs, Servidores Públicos",10,Luisa Fernanda Medina Martinez,Capacitación básica de datos abiertos para funcionarios de San Andrés Islas,
03/09/2021 12:00:00 AM,si,12/31/1899 12:00:00 PM,Virtual,Datos Abiertos,Capacitación calidad datos ISABU,Alcaldia,"BOGOTÁ, D.C.","BOGOTÁ, D.C.","Líderes de TI / Secretarios TIC / CIOs, Servidores Públicos",1,Luisa Fernanda Medina Martinez,Capacitación básica de datos abiertos para funcionarios de ISABU,
03/01/2021 12:00:00 AM,si,12/31/1899 12:00:00 PM,Virtual,Datos Abiertos,Taller Hoja de Ruta MinAgricultura,Entidad Orden Nacional,"BOGOTÁ, D.C.","BOGOTÁ, D.C.","Líderes de TI / Secretarios TIC / CIOs, Servidores Públicos",8,Luisa Fernanda Medina Martinez,Taller de apertura de datos abiertos estratégicos para hoja de ruta,
03/17/2021 12:00:00 AM,si,12/31/1899 12:00:00 PM,Virtual,Datos Abiertos,Taller Hoja de ruta  SuperTransporte,Entidad Orden Nacional,"BOGOTÁ, D.C.","BOGOTÁ, D.C.","Líderes de TI / Secretarios TIC / CIOs, Servidores Públicos",7,Luisa Fernanda Medina Martinez,Taller de apertura de datos abiertos estratégicos para hoja de ruta,
03/18/2021 12:00:00 AM,si,12/31/1899 12:00:00 PM,Virtual,Datos Abiertos,Taller Hoja de Ruta Ministerio de Defensa,Entidad Orden Nacional,"BOGOTÁ, D.C.","BOGOTÁ, D.C.","Líderes de TI / Secretarios TIC / CIOs, Servidores Públicos",5,Luisa Fernanda Medina Martinez,Taller de apertura de datos abiertos estratégicos para hoja de ruta,
03/18/2021 12:00:00 AM,si,12/31/1899 12:00:00 PM,Virtual,Datos Abiertos,Capacitación calidad datos alcaldia de sucre,Alcaldia,"BOGOTÁ, D.C.","BOGOTÁ, D.C.","Líderes de TI / Secretarios TIC / CIOs, Servidores Públicos",5,Luisa Fernanda Medina Martinez,Capacitación básica de datos abiertos para funcionarios de la Alcaldia de Sucre,
03/24/2021 12:00:00 AM,si,12/31/1899 12:00:00 PM,Virtual,Datos Abiertos,Capacitación calidad datos empresa ibaguereña,Entidad Orden Nacional,"BOGOTÁ, D.C.","BOGOTÁ, D.C.","Líderes de TI / Secretarios TIC / CIOs, Servidores Públicos",5,Luisa Fernanda Medina Martinez,Capacitación básica de datos abiertos para funcionarios de la Empresa de Acueducto Ibaguereña,
03/24/2021 12:00:00 AM,si,12/31/1899 12:00:00 PM,Virtual,Datos Abiertos,Capacitación calidad  Datos Abiertos Alcaldia de Briceño,Alcaldia,"BOGOTÁ, D.C.","BOGOTÁ, D.C.","Líderes de TI / Secretarios TIC / CIOs, Servidores Públicos",3,Luisa Fernanda Medina Martinez,Capacitación básica de datos abiertos para funcionarios de la Alcaldiad de briceño,
04/09/2021 12:00:00 AM,si,12/31/1899 12:00:00 PM,Virtual,Datos Abiertos,Herramientas de Analítica de datos,Entidad Orden Nacional,"BOGOTÁ, D.C.","BOGOTÁ, D.C.","Líderes de TI / Secretarios TIC / CIOs, Servidores Públicos",12,Luisa Fernanda Medina Martinez,Capacitación de herramientas de analitica de datos,
04/15/2021 12:00:00 AM,si,12/31/1899 12:00:00 PM,Virtual,Datos Abiertos,Experiencia analítica FNA - Agencia logística,Entidad Orden Nacional,"BOGOTÁ, D.C.","BOGOTÁ, D.C.","Líderes de TI / Secretarios TIC / CIOs, Servidores Públicos",11,Luisa Fernanda Medina Martinez,Experiencia proyecto de analítica de datos  del Fondo Nacional del Ahorro,
04/21/2021 12:00:00 AM,si,12/31/1899 12:00:00 PM,Virtual,Datos Abiertos,Hoja de Ruta Datos abiertos Salud MSPS Plan nacional de vacunación 2021,Entidad Orden Nacional,"BOGOTÁ, D.C.","BOGOTÁ, D.C.","Líderes de TI / Secretarios TIC / CIOs, Servidores Públicos",10,Luisa Fernanda Medina Martinez,Apertura de conjunto de datos estratégico de Hoja de Ruta del Sector Salud de Vacunación Nacional,
04/26/2021 12:00:00 AM,si,12/31/1899 12:00:00 PM,Virtual,Datos Abiertos,Publicación Imágenes georreferenciadas Alcaldía Morelia,Alcaldia,"BOGOTÁ, D.C.","BOGOTÁ, D.C.","Líderes de TI / Secretarios TIC / CIOs, Servidores Públicos",5,Luisa Fernanda Medina Martinez,Capacitación básica de datos abiertos y georeferenciación para funcionarios de la Alcaldía Morelia,
04/26/2021 12:00:00 AM,si,12/31/1899 12:00:00 PM,Virtual,Datos Abiertos,Taller Hoja de Ruta Fiscalia general de la nación,Entidad Orden Nacional,"BOGOTÁ, D.C.","BOGOTÁ, D.C.","Líderes de TI / Secretarios TIC / CIOs, Servidores Públicos",7,Luisa Fernanda Medina Martinez,Taller de apertura de datos abiertos estratégicos para hoja de ruta,
05/07/2021 12:00:00 AM,si,12/31/1899 12:00:00 PM,Virtual,Datos Abiertos,Taller Hoja de Ruta de Datos Abiertos MinCultura,Entidad Orden Nacional,"BOGOTÁ, D.C.","BOGOTÁ, D.C.","Líderes de TI / Secretarios TIC / CIOs, Servidores Públicos",47,Luisa Fernanda Medina Martinez,Taller de apertura de datos abiertos estratégicos para hoja de ruta,
05/07/2021 12:00:00 AM,si,12/31/1899 12:00:00 PM,Virtual,Datos Abiertos,Taller Hoja de Ruta de Datos Abiertos MinTransporte,Entidad Orden Nacional,"BOGOTÁ, D.C.","BOGOTÁ, D.C.","Líderes de TI / Secretarios TIC / CIOs, Servidores Públicos",5,Luisa Fernanda Medina Martinez,Taller de apertura de datos abiertos estratégicos para hoja de ruta,
05/25/2021 12:00:00 AM,si,12/31/1899 12:00:00 PM,Virtual,Datos Abiertos,Taller de datos abiertos IGAC,Entidad Orden Nacional,"BOGOTÁ, D.C.","BOGOTÁ, D.C.","Líderes de TI / Secretarios TIC / CIOs, Servidores Públicos",100,Luisa Fernanda Medina Martinez,Taller de datos abiertos IGAC,
06/10/2021 12:00:00 AM,si,12/31/1899 12:00:00 PM,Virtual,Datos Abiertos,Taller de Analitica Procuraduria,Entidad Orden Nacional,"BOGOTÁ, D.C.","BOGOTÁ, D.C.","Líderes de TI / Secretarios TIC / CIOs, Servidores Públicos",15,Luisa Fernanda Medina Martinez,Taller de Analitica Procuraduria,
06/17/2021 12:00:00 AM,si,12/31/1899 12:00:00 PM,Virtual,Datos Abiertos,Taller Hoja de Ruta de Datos Abiertos Agencia Nacional de Seguridad Vial,Entidad Orden Nacional,"BOGOTÁ, D.C.","BOGOTÁ, D.C.","Líderes de TI / Secretarios TIC / CIOs, Servidores Públicos",66,Luisa Fernanda Medina Martinez,Taller de apertura de datos abiertos estratégicos para hoja de ruta,
06/17/2021 12:00:00 AM,si,12/31/1899 12:00:00 PM,Virtual,Datos Abiertos,Taller Hoja de Ruta de Datos Abiertos IDEAM,Entidad Orden Nacional,"BOGOTÁ, D.C.","BOGOTÁ, D.C.","Líderes de TI / Secretarios TIC / CIOs, Servidores Públicos",14,Luisa Fernanda Medina Martinez,Taller de apertura de datos abiertos estratégicos para hoja de ruta,
06/25/2021 12:00:00 AM,si,12/31/1899 12:00:00 PM,Virtual,Datos Abiertos,Charla de sensiblización gobierno y calidad de datos,Entidad Orden Nacional,"BOGOTÁ, D.C.","BOGOTÁ, D.C.","Líderes de TI / Secretarios TIC / CIOs, Servidores Públicos",28,Mauricio Smith,Taller de calidad de datos abiertos,
06/29/2021 12:00:00 AM,si,12/31/1899 12:00:00 PM,Virtual,Datos Abiertos,"Resolución 1519 del 2020: Informe de Transparencia sobre la Gestión de la Pandemia, y Datos Abiertos.","Entidad Orden Nacional, Gobernación, Alcaldía","BOGOTÁ, D.C.","BOGOTÁ, D.C.","Líderes de TI / Secretarios TIC / CIOs, Servidores Públicos",148,Luisa Fernanda Medina Martinez,"IMPLEMENTACIÓN DE LOS REQUISITOS DE DATOS ABIERTOS Y SU INTEGRACIÓN CON DATOS.GOV.CO En el marco de la Resolución 1519 del 2020, el anexo 4 contiene los requisitos mínimos para la publicación de datos abiertos y su integración o federación con el portal de Datos Abiertos DATOS.GOV.CO.  Las entidades deben implementar la Hoja de Ruta de Datos Estratégicos para el Estado colombiano, mediante el cual, identificarán, catalogarán y publicarán los conjuntos de datos y metadatos que consideren críticos, estratégicos o muy importantes para asegurar su disponibilidad pública y actualización en el portal de Datos Abiertos.  La implementación de dichos instrumentos permite consolidar el logro del propósito de Gobierno Digital para que las entidades tomen decisiones basadas en datos, además, se impulse el desarrollo de una economía basada en datos.",
06/29/2021 12:00:00 AM,si,12/31/1899 03:30:00 PM,Virtual,Datos Abiertos,Taller de Hoja de Ruta Senado,Entidad Orden Nacional,"BOGOTÁ, D.C.","BOGOTÁ, D.C.","Líderes de TI / Secretarios TIC / CIOs, Servidores Públicos",6,Luisa Fernanda Medina Martinez,Sesión 1 de acompañamiento apertura de datos abiertos de hoja de ruta del senado,
07/02/2021 12:00:00 AM,si,12/31/1899 11:30:00 AM,Virtual,Datos Abiertos,Acompañamiento Hoja de Ruta Presidencia DAPRE,Entidad Orden Nacional,"BOGOTÁ, D.C.","BOGOTÁ, D.C.","Líderes de TI / Secretarios TIC / CIOs, Servidores Públicos",4,Luisa Fernanda Medina Martinez,Sesión 1 de acompañamiento apertura de datos abiertos de hoja de ruta del DAPRE,
07/02/2021 12:00:00 AM,si,12/31/1899 03:30:00 PM,Virtual,Datos Abiertos,Acompañamiento Hoja de Ruta Senado,Entidad Orden Nacional,"BOGOTÁ, D.C.","BOGOTÁ, D.C.","Líderes de TI / Secretarios TIC / CIOs, Servidores Públicos",7,Luisa Fernanda Medina Martinez,Sesión 2 de acompañamiento apertura de datos abiertos de hoja de ruta del senado,
07/06/2021 12:00:00 AM,si,12/31/1899 02:00:00 PM,Virtual,Datos Abiertos,Taller de Hoja de Ruta Datos abiertos de la UPRA - Aprovechamiento y uso,Entidad Orden Nacional,"BOGOTÁ, D.C.","BOGOTÁ, D.C.","Líderes de TI / Secretarios TIC / CIOs, Servidores Públicos",8,Luisa Fernanda Medina Martinez,Sesión 1 de acompañamiento apertura de datos abiertos de hoja de ruta del UPRA,
07/13/2021 03:00:00 PM,si,07/13/2021 03:00:00 PM,Virtual,Datos Abiertos,Taller de Hoja de Ruta Datos abiertos de la MINCIENCIAS,Entidad Orden Nacional,"BOGOTÁ, D.C.","BOGOTÁ, D.C.","Líderes de TI / Secretarios TIC / CIOs, Servidores Públicos",4,Luisa Fernanda Medina Martinez,Sesión 1 de acompañamiento apertura de datos abiertos de hoja de ruta,
07/15/2021 03:00:00 PM,si,07/13/2021 03:00:00 PM,Virtual,Datos Abiertos,Taller de Hoja de Ruta Datos abiertos de la MINCOMERCIO,Entidad Orden Nacional,"BOGOTÁ, D.C.","BOGOTÁ, D.C.","Líderes de TI / Secretarios TIC / CIOs, Servidores Públicos",7,Luisa Fernanda Medina Martinez,Sesión 1 de acompañamiento apertura de datos abiertos de hoja de ruta,
07/15/2021 04:00:00 PM,si,07/15/2021 04:00:00 PM,Virtual,Datos Abiertos,Taller de Hoja de Ruta Datos abiertos de la MINJUSTICIA,Entidad Orden Nacional,"BOGOTÁ, D.C.","BOGOTÁ, D.C.","Líderes de TI / Secretarios TIC / CIOs, Servidores Públicos",6,Luisa Fernanda Medina Martinez,Sesión 1 de acompañamiento apertura de datos abiertos de hoja de ruta,
07/16/2021 03:00:00 PM,si,07/16/2021 03:00:00 PM,Virtual,Datos Abiertos,Taller de Hoja de Ruta Datos abiertos de la MINHACIENDA,Entidad Orden Nacional,"BOGOTÁ, D.C.","BOGOTÁ, D.C.","Líderes de TI / Secretarios TIC / CIOs, Servidores Públicos",3,Luisa Fernanda Medina Martinez,Sesión 1 de acompañamiento apertura de datos abiertos de hoja de ruta,
07/19/2021 10:00:00 PM,si,07/19/2021 10:00:00 PM,Virtual,Datos Abiertos,Taller de Hoja de Ruta Datos abiertos de la CONTADURIA GENERAL DE LA NACION,Entidad Orden Nacional,"BOGOTÁ, D.C.","BOGOTÁ, D.C.","Líderes de TI / Secretarios TIC / CIOs, Servidores Públicos",6,Luisa Fernanda Medina Martinez,Sesión 1 de acompañamiento apertura de datos abiertos de hoja de ruta,
07/26/2021 08:00:00 AM,si,07/26/2021 08:00:00 AM,Virtual,Datos Abiertos,Taller de Hoja de Ruta Datos abiertos de la INVEMAR,Entidad Orden Nacional,"BOGOTÁ, D.C.","BOGOTÁ, D.C.","Líderes de TI / Secretarios TIC / CIOs, Servidores Públicos",6,Luisa Fernanda Medina Martinez,Sesión 1 de acompañamiento apertura de datos abiertos de hoja de ruta,
07/26/2021 02:00:00 AM,si,07/26/2021 02:00:00 AM,Virtual,Datos Abiertos,Taller de Hoja de Ruta Datos abiertos de la ICETEX,Entidad Orden Nacional,"BOGOTÁ, D.C.","BOGOTÁ, D.C.","Líderes de TI / Secretarios TIC / CIOs, Servidores Públicos",6,Luisa Fernanda Medina Martinez,Sesión 1 de acompañamiento apertura de datos abiertos de hoja de ruta,
07/26/2021 03:00:00 AM,si,07/26/2021 03:00:00 AM,Virtual,Datos Abiertos,Taller de Hoja de Ruta Datos abiertos de la CONSEJO NACIONAL ELECTORAL,Entidad Orden Nacional,"BOGOTÁ, D.C.","BOGOTÁ, D.C.","Líderes de TI / Secretarios TIC / CIOs, Servidores Públicos",6,Luisa Fernanda Medina Martinez,Sesión 1 de acompañamiento apertura de datos abiertos de hoja de ruta,
07/27/2021 03:00:00 AM,si,07/26/2021 03:00:00 AM,Virtual,Datos Abiertos,Taller de Hoja de Ruta Datos abiertos de la FUNCION PUBLICA,Entidad Orden Nacional,"BOGOTÁ, D.C.","BOGOTÁ, D.C.","Líderes de TI / Secretarios TIC / CIOs, Servidores Públicos",6,Luisa Fernanda Medina Martinez,Sesión 1 de acompañamiento apertura de datos abiertos de hoja de ruta,
07/28/2021 10:00:00 AM,si,07/26/2021 10:00:00 AM,Virtual,Datos Abiertos,Taller de Hoja de Ruta Datos abiertos de la AGENCIA PRESIDENCIAL DE COOPERACION,Entidad Orden Nacional,"BOGOTÁ, D.C.","BOGOTÁ, D.C.","Líderes de TI / Secretarios TIC / CIOs, Servidores Públicos",4,Luisa Fernanda Medina Martinez,Sesión 1 de acompañamiento apertura de datos abiertos de hoja de ruta,
07/29/2021 11:00:00 AM,si,07/28/2021 11:00:00 AM,Virtual,Datos Abiertos,Taller de Hoja de Ruta Datos abiertos de la MINMINAS Y ENERGIA,Entidad Orden Nacional,"BOGOTÁ, D.C.","BOGOTÁ, D.C.","Líderes de TI / Secretarios TIC / CIOs, Servidores Públicos",4,Luisa Fernanda Medina Martinez,Sesión 1 de acompañamiento apertura de datos abiertos de hoja de ruta,
05/08/2021 09:00:00 AM,si,05/05/2021 09:00:00 AM,Virtual,Datos Abiertos,Taller de Hoja de Ruta Datos abiertos de la DANE,Entidad Orden Nacional,"BOGOTÁ, D.C.","BOGOTÁ, D.C.","Líderes de TI / Secretarios TIC / CIOs, Servidores Públicos",10,Luisa Fernanda Medina Martinez,Sesión 1 de acompañamiento apertura de datos abiertos de hoja de ruta,
06/08/2021 10:00:00 AM,si,06/08/2021 10:00:00 AM,Virtual,Datos Abiertos,Taller de Hoja de Ruta Datos abiertos de la SUPERNOTARIADO,Entidad Orden Nacional,"BOGOTÁ, D.C.","BOGOTÁ, D.C.","Líderes de TI / Secretarios TIC / CIOs, Servidores Públicos",10,Luisa Fernanda Medina Martinez,Sesión 1 de acompañamiento apertura de datos abiertos de hoja de ruta,
08/10/2021 02:00:00 PM,si,08/10/2021 02:00:00 PM,Virtual,Datos Abiertos,Taller de introducción a los datos abiertos,"Entidad Orden Nacional, Gobernación, Alcaldía","BOGOTÁ, D.C.","BOGOTÁ, D.C.","Líderes de TI / Secretarios TIC / CIOs, Servidores Públicos",261,Luisa Fernanda Medina Martinez,Taller de introducción a los datos abiertos,
08/11/2021 10:00:00 AM,si,08/11/2021 10:00:00 AM,Virtual,Datos Abiertos,Taller de Hoja de Ruta Datos abiertos de la CONFECAMARAS,Entidad Orden Nacional,"BOGOTÁ, D.C.","BOGOTÁ, D.C.","Líderes de TI / Secretarios TIC / CIOs, Servidores Públicos",10,Luisa Fernanda Medina Martinez,Sesión 1 de acompañamiento apertura de datos abiertos de hoja de ruta,
08/11/2021 03:00:00 PM,si,08/11/2021 03:00:00 PM,Virtual,Datos Abiertos,Taller de Hoja de Ruta Datos abiertos de la REGISTRADURIA,Entidad Orden Nacional,"BOGOTÁ, D.C.","BOGOTÁ, D.C.","Líderes de TI / Secretarios TIC / CIOs, Servidores Públicos",4,Luisa Fernanda Medina Martinez,Sesión 1 de acompañamiento apertura de datos abiertos de hoja de ruta,
08/11/2021 04:00:00 PM,si,08/11/2021 04:00:00 PM,Virtual,Datos Abiertos,Taller de Hoja de Ruta Datos abiertos de la DIAN,Entidad Orden Nacional,"BOGOTÁ, D.C.","BOGOTÁ, D.C.","Líderes de TI / Secretarios TIC / CIOs, Servidores Públicos",12,Luisa Fernanda Medina Martinez,Sesión 1 de acompañamiento apertura de datos abiertos de hoja de ruta,
08/18/2021 03:00:00 PM,si,08/18/2021 03:00:00 PM,Virtual,Datos Abiertos,Taller de Hoja de Ruta Datos abiertos de la SUPERINTENCIA DE INDUSTRIA Y COMERCIO,Entidad Orden Nacional,"BOGOTÁ, D.C.","BOGOTÁ, D.C.","Líderes de TI / Secretarios TIC / CIOs, Servidores Públicos",4,Luisa Fernanda Medina Martinez,Sesión 1 de acompañamiento apertura de datos abiertos de hoja de ruta,
08/23/2021 09:00:00 AM,si,08/23/2021 09:00:00 AM,Virtual,Datos Abiertos,Taller de Hoja de Ruta Datos abiertos de la MINAMBIENTE,Entidad Orden Nacional,"BOGOTÁ, D.C.","BOGOTÁ, D.C.","Líderes de TI / Secretarios TIC / CIOs, Servidores Públicos",4,Luisa Fernanda Medina Martinez,Sesión 1 de acompañamiento apertura de datos abiertos de hoja de ruta,
07/09/2021 10:00:00 AM,si,07/09/2021 10:00:00 AM,Virtual,Datos Abiertos,Webinar  sobre Lenguaje R,"Entidad Orden Nacional, Gobernación, Alcaldía","BOGOTÁ, D.C.","BOGOTÁ, D.C.","Líderes de TI / Secretarios TIC / CIOs, Servidores Públicos",50,Carlos Julio León,Webinar  sobre Lenguaje R,https://www.facebook.com/watch/live/?v=537461097350544&ref=watch_permalink
09/09/2021 02:00:00 PM,si,09/09/2021 02:00:00 PM,Virtual,Datos Abiertos,Taller de visualización de datos abiertos,"Entidad Orden Nacional, Gobernación, Alcaldía","BOGOTÁ, D.C.","BOGOTÁ, D.C.","Líderes de TI / Secretarios TIC / CIOs, Servidores Públicos",108,Mauricio Smith,Taller de visualización de datos abiertos,https://www.youtube.com/watch?v=XcaW069_e_o
09/17/2021 10:30:00 AM,,09/17/2021 10:30:00 AM,Virtual,Datos Abiertos,Taller Datos Abiertos Alcaldias Gobernación Casanare,"Gobernación, Alcaldía","BOGOTÁ, D.C.","BOGOTÁ, D.C.","Líderes de TI / Secretarios TIC / CIOs, Servidores Públicos",15,Thiago Dal Toe,Taller Datos Abiertos Alcaldias Gobernación Casanare,
09/20/2021 11:30:00 AM,si,09/20/2021 11:30:00 AM,Virtual,Datos Abiertos,Socialización sección de usos del portal de datos abiertos,Entidad Orden Nacional,"BOGOTÁ, D.C.","BOGOTÁ, D.C.","Líderes de TI / Secretarios TIC / CIOs, Servidores Públicos",25,Thiago Dal Toe,Socialización sección de usos del portal de datos abiertos. Proyectos DataSandbox,
09/22/2021 08:00:00 AM,si,09/22/2021 08:00:00 AM,Virtual,Datos Abiertos,Taller calidad de datos,"Entidad Orden Nacional, Gobernación, Alcaldía","BOGOTÁ, D.C.","BOGOTÁ, D.C.","Líderes de TI / Secretarios TIC / CIOs, Servidores Públicos",223,Mauricio Smith,Taller calidad de datos,
09/22/2021 09:00:00 AM,si,09/22/2021 09:00:00 AM,Virtual,Datos Abiertos,Capacitación en uso de datos abiertos: Perspective,"Entidad Orden Nacional, Gobernación, Alcaldía","BOGOTÁ, D.C.","BOGOTÁ, D.C.","Líderes de TI / Secretarios TIC / CIOs, Servidores Públicos",5,Thiago Dal Toe,Capacitación en uso de datos abiertos: Perspective Hospital Universitario de Santander,
09/24/2021 10:00:00 AM,si,09/24/2021 10:00:00 AM,Virtual,Datos Abiertos,Webinar Gratuito sobre OPEN REFINE,"Entidad Orden Nacional, Gobernación, Alcaldía","BOGOTÁ, D.C.","BOGOTÁ, D.C.","Líderes de TI / Secretarios TIC / CIOs, Servidores Públicos",0,Carlos Julio León,Webinar Gratuito sobre OPEN REFINE,
09/29/2021 08:00:00 AM,si,09/29/2021 08:00:00 AM,Virtual,Datos Abiertos,Mejorando la calidad del dato,"Entidad Orden Nacional, Gobernación, Alcaldía","BOGOTÁ, D.C.","BOGOTÁ, D.C.","Líderes de TI / Secretarios TIC / CIOs, Servidores Públicos",0,Mauricio Smith,Mejorando la calidad del datos,
10/15/2021 08:00:00 AM,si,10/15/2021 08:00:00 AM,Virtual,Datos Abiertos,Aprobación de datos abiertos con calidad,"Entidad Orden Nacional, Gobernación, Alcaldía","BOGOTÁ, D.C.","BOGOTÁ, D.C.","Líderes de TI / Secretarios TIC / CIOs, Servidores Públicos",0,Mauricio Smith,Aprobación de datos abiertos con calidad,
11/17/2021 08:00:00 AM,si,11/17/2021 08:00:00 AM,Virtual,Datos Abiertos,Herramientas de refinamiento de datos abiertos,"Entidad Orden Nacional, Gobernación, Alcaldía","BOGOTÁ, D.C.","BOGOTÁ, D.C.","Líderes de TI / Secretarios TIC / CIOs, Servidores Públicos",0,Mauricio Smith,Aprobación de datos abiertos con calidad,
